Year,Enrollment,First_Degree,Sex,Institute_Type
1993,13727,Males Total,M,University
1993,92,Education,M,University
1993,0,Applied Arts,M,University
1993,1251,Humanities & Social Sciences,M,University
1993,28,Mass Communication,M,University
1993,852,Accountancy,M,University
1993,1234,Business & Administration,M,University
1993,353,Law,M,University
1993,1158,"Natural, Physical & Mathematical Sciences",M,University
1993,522,Medicine,M,University
1993,101,Dentistry,M,University
1993,23,Health Sciences,M,University
1993,911,Information Technology,M,University
1993,478,Architecture & Building,M,University
1993,6724,Engineering Sciences,M,University
1993,0,Services,M,University
1993,12078,Females Total,F,University
1993,458,Education,F,University
1993,0,Applied Arts,F,University
1993,3283,Humanities & Social Sciences,F,University
1993,69,Mass Communication,F,University
1993,1246,Accountancy,F,University
1993,2515,Business & Administration,F,University
1993,410,Law,F,University
1993,1598,"Natural, Physical & Mathematical Sciences",F,University
1993,249,Medicine,F,University
1993,40,Dentistry,F,University
1993,79,Health Sciences,F,University
1993,578,Information Technology,F,University
1993,572,Architecture & Building,F,University
1993,981,Engineering Sciences,F,University
1993,0,Services,F,University
1993,23264,Males Total,M,Polytechnic
1993,0,Education,M,Polytechnic
1993,238,Applied Arts,M,Polytechnic
1993,0,Humanities & Social Sciences,M,Polytechnic
1993,83,Mass Communication & Information Science,M,Polytechnic
1993,2038,Business & Administration,M,Polytechnic
1993,26,Legal Studies,M,Polytechnic
1993,660,Science & Related Technologies,M,Polytechnic
1993,85,Health Sciences,M,Polytechnic
1993,915,Information Technology,M,Polytechnic
1993,800,Architecture & Building,M,Polytechnic
1993,18180,Engineering Sciences,M,Polytechnic
1993,239,Services,M,Polytechnic
1993,15534,Females Total,F,Polytechnic
1993,0,Education,F,Polytechnic
1993,278,Applied Arts,F,Polytechnic
1993,0,Humanities & Social Sciences,F,Polytechnic
1993,247,Mass Communication & Information Science,F,Polytechnic
1993,6216,Business & Administration,F,Polytechnic
1993,62,Legal Studies,F,Polytechnic
1993,1220,Science & Related Technologies,F,Polytechnic
1993,715,Health Sciences,F,Polytechnic
1993,997,Information Technology,F,Polytechnic
1993,1008,Architecture & Building,F,Polytechnic
1993,4737,Engineering Sciences,F,Polytechnic
1993,54,Services,F,Polytechnic
1993,25805,Total,MF,University
1993,550,Education,MF,University
1993,0,Applied Arts,MF,University
1993,4534,Humanities & Social Sciences,MF,University
1993,97,Mass Communication,MF,University
1993,2098,Accountancy,MF,University
1993,3749,Business & Administration,MF,University
1993,763,Law,MF,University
1993,2756,"Natural, Physical & Mathematical Sciences",MF,University
1993,771,Medicine,MF,University
1993,141,Dentistry,MF,University
1993,102,Health Sciences,MF,University
1993,1489,Information Technology,MF,University
1993,1050,Architecture & Building,MF,University
1993,7705,Engineering Sciences,MF,University
1993,0,Services,MF,University
1993,38798,Total,MF,Polytechnic
1993,0,Education,MF,Polytechnic
1993,516,Applied Arts,MF,Polytechnic
1993,0,Humanities & Social Sciences,MF,Polytechnic
1993,330,Mass Communication & Information Science,MF,Polytechnic
1993,8254,Business & Administration,MF,Polytechnic
1993,88,Legal Studies,MF,Polytechnic
1993,1880,Science & Related Technologies,MF,Polytechnic
1993,800,Health Sciences,MF,Polytechnic
1993,1912,Information Technology,MF,Polytechnic
1993,1808,Architecture & Building,MF,Polytechnic
1993,22917,Engineering Sciences,MF,Polytechnic
1993,293,Services,MF,Polytechnic
1994,14325,Males Total,M,University
1994,158,Education,M,University
1994,0,Applied Arts,M,University
1994,1297,Humanities & Social Sciences,M,University
1994,55,Mass Communication,M,University
1994,820,Accountancy,M,University
1994,1312,Business & Administration,M,University
1994,334,Law,M,University
1994,1194,"Natural, Physical & Mathematical Sciences",M,University
1994,531,Medicine,M,University
1994,98,Dentistry,M,University
1994,22,Health Sciences,M,University
1994,991,Information Technology,M,University
1994,481,Architecture & Building,M,University
1994,7032,Engineering Sciences,M,University
1994,0,Services,M,University
1994,12864,Females Total,F,University
1994,561,Education,F,University
1994,0,Applied Arts,F,University
1994,3462,Humanities & Social Sciences,F,University
1994,146,Mass Communication,F,University
1994,1344,Accountancy,F,University
1994,2608,Business & Administration,F,University
1994,415,Law,F,University
1994,1682,"Natural, Physical & Mathematical Sciences",F,University
1994,221,Medicine,F,University
1994,46,Dentistry,F,University
1994,93,Health Sciences,F,University
1994,612,Information Technology,F,University
1994,546,Architecture & Building,F,University
1994,1128,Engineering Sciences,F,University
1994,0,Services,F,University
1994,24867,Males Total,M,Polytechnic
1994,0,Education,M,Polytechnic
1994,292,Applied Arts,M,Polytechnic
1994,0,Humanities & Social Sciences,M,Polytechnic
1994,117,Mass Communication & Information Science,M,Polytechnic
1994,2388,Business & Administration,M,Polytechnic
1994,37,Legal Studies,M,Polytechnic
1994,260,Science & Related Technologies,M,Polytechnic
1994,171,Health Sciences,M,Polytechnic
1994,1346,Information Technology,M,Polytechnic
1994,935,Architecture & Building,M,Polytechnic
1994,19045,Engineering Sciences,M,Polytechnic
1994,276,Services,M,Polytechnic
1994,17355,Females Total,F,Polytechnic
1994,0,Education,F,Polytechnic
1994,318,Applied Arts,F,Polytechnic
1994,0,Humanities & Social Sciences,F,Polytechnic
1994,261,Mass Communication & Information Science,F,Polytechnic
1994,6748,Business & Administration,F,Polytechnic
1994,111,Legal Studies,F,Polytechnic
1994,376,Science & Related Technologies,F,Polytechnic
1994,1207,Health Sciences,F,Polytechnic
1994,1064,Information Technology,F,Polytechnic
1994,964,Architecture & Building,F,Polytechnic
1994,6242,Engineering Sciences,F,Polytechnic
1994,64,Services,F,Polytechnic
1994,27189,Total,MF,University
1994,719,Education,MF,University
1994,0,Applied Arts,MF,University
1994,4759,Humanities & Social Sciences,MF,University
1994,201,Mass Communication,MF,University
1994,2164,Accountancy,MF,University
1994,3920,Business & Administration,MF,University
1994,749,Law,MF,University
1994,2876,"Natural, Physical & Mathematical Sciences",MF,University
1994,752,Medicine,MF,University
1994,144,Dentistry,MF,University
1994,115,Health Sciences,MF,University
1994,1603,Information Technology,MF,University
1994,1027,Architecture & Building,MF,University
1994,8160,Engineering Sciences,MF,University
1994,0,Services,MF,University
1994,42222,Total,MF,Polytechnic
1994,0,Education,MF,Polytechnic
1994,610,Applied Arts,MF,Polytechnic
1994,0,Humanities & Social Sciences,MF,Polytechnic
1994,378,Mass Communication & Information Science,MF,Polytechnic
1994,9136,Business & Administration,MF,Polytechnic
1994,148,Legal Studies,MF,Polytechnic
1994,636,Science & Related Technologies,MF,Polytechnic
1994,1378,Health Sciences,MF,Polytechnic
1994,2410,Information Technology,MF,Polytechnic
1994,1899,Architecture & Building,MF,Polytechnic
1994,25287,Engineering Sciences,MF,Polytechnic
1994,340,Services,MF,Polytechnic
1995,14711,Males Total,M,University
1995,191,Education,M,University
1995,0,Applied Arts,M,University
1995,1290,Humanities & Social Sciences,M,University
1995,75,Mass Communication,M,University
1995,806,Accountancy,M,University
1995,1354,Business & Administration,M,University
1995,333,Law,M,University
1995,1118,"Natural, Physical & Mathematical Sciences",M,University
1995,547,Medicine,M,University
1995,95,Dentistry,M,University
1995,22,Health Sciences,M,University
1995,1054,Information Technology,M,University
1995,467,Architecture & Building,M,University
1995,7359,Engineering Sciences,M,University
1995,0,Services,M,University
1995,13934,Females Total,F,University
1995,658,Education,F,University
1995,0,Applied Arts,F,University
1995,3734,Humanities & Social Sciences,F,University
1995,238,Mass Communication,F,University
1995,1426,Accountancy,F,University
1995,2680,Business & Administration,F,University
1995,387,Law,F,University
1995,1697,"Natural, Physical & Mathematical Sciences",F,University
1995,215,Medicine,F,University
1995,52,Dentistry,F,University
1995,160,Health Sciences,F,University
1995,691,Information Technology,F,University
1995,566,Architecture & Building,F,University
1995,1430,Engineering Sciences,F,University
1995,0,Services,F,University
1995,27000,Males Total,M,Polytechnic
1995,0,Education,M,Polytechnic
1995,335,Applied Arts,M,Polytechnic
1995,0,Humanities & Social Sciences,M,Polytechnic
1995,148,Mass Communication & Information Science,M,Polytechnic
1995,2648,Business & Administration,M,Polytechnic
1995,53,Legal Studies,M,Polytechnic
1995,304,Science & Related Technologies,M,Polytechnic
1995,232,Health Sciences,M,Polytechnic
1995,1812,Information Technology,M,Polytechnic
1995,1045,Architecture & Building,M,Polytechnic
1995,20113,Engineering Sciences,M,Polytechnic
1995,310,Services,M,Polytechnic
1995,19156,Females Total,F,Polytechnic
1995,0,Education,F,Polytechnic
1995,377,Applied Arts,F,Polytechnic
1995,0,Humanities & Social Sciences,F,Polytechnic
1995,280,Mass Communication & Information Science,F,Polytechnic
1995,7087,Business & Administration,F,Polytechnic
1995,176,Legal Studies,F,Polytechnic
1995,493,Science & Related Technologies,F,Polytechnic
1995,1508,Health Sciences,F,Polytechnic
1995,1293,Information Technology,F,Polytechnic
1995,904,Architecture & Building,F,Polytechnic
1995,6966,Engineering Sciences,F,Polytechnic
1995,72,Services,F,Polytechnic
1995,28645,Total,MF,University
1995,849,Education,MF,University
1995,0,Applied Arts,MF,University
1995,5024,Humanities & Social Sciences,MF,University
1995,313,Mass Communication,MF,University
1995,2232,Accountancy,MF,University
1995,4034,Business & Administration,MF,University
1995,720,Law,MF,University
1995,2815,"Natural, Physical & Mathematical Sciences",MF,University
1995,762,Medicine,MF,University
1995,147,Dentistry,MF,University
1995,182,Health Sciences,MF,University
1995,1745,Information Technology,MF,University
1995,1033,Architecture & Building,MF,University
1995,8789,Engineering Sciences,MF,University
1995,0,Services,MF,University
1995,46156,Total,MF,Polytechnic
1995,0,Education,MF,Polytechnic
1995,712,Applied Arts,MF,Polytechnic
1995,0,Humanities & Social Sciences,MF,Polytechnic
1995,428,Mass Communication & Information Science,MF,Polytechnic
1995,9735,Business & Administration,MF,Polytechnic
1995,229,Legal Studies,MF,Polytechnic
1995,797,Science & Related Technologies,MF,Polytechnic
1995,1740,Health Sciences,MF,Polytechnic
1995,3105,Information Technology,MF,Polytechnic
1995,1949,Architecture & Building,MF,Polytechnic
1995,27079,Engineering Sciences,MF,Polytechnic
1995,382,Services,MF,Polytechnic
1996,15624,Males Total,M,University
1996,200,Education,M,University
1996,0,Applied Arts,M,University
1996,1368,Humanities & Social Sciences,M,University
1996,110,Mass Communication,M,University
1996,833,Accountancy,M,University
1996,1367,Business & Administration,M,University
1996,335,Law,M,University
1996,1097,"Natural, Physical & Mathematical Sciences",M,University
1996,553,Medicine,M,University
1996,89,Dentistry,M,University
1996,29,Health Sciences,M,University
1996,1031,Information Technology,M,University
1996,453,Architecture & Building,M,University
1996,8159,Engineering Sciences,M,University
1996,0,Services,M,University
1996,14750,Females Total,F,University
1996,580,Education,F,University
1996,0,Applied Arts,F,University
1996,3831,Humanities & Social Sciences,F,University
1996,323,Mass Communication,F,University
1996,1476,Accountancy,F,University
1996,2731,Business & Administration,F,University
1996,360,Law,F,University
1996,1812,"Natural, Physical & Mathematical Sciences",F,University
1996,208,Medicine,F,University
1996,53,Dentistry,F,University
1996,164,Health Sciences,F,University
1996,712,Information Technology,F,University
1996,646,Architecture & Building,F,University
1996,1854,Engineering Sciences,F,University
1996,0,Services,F,University
1996,28412,Males Total,M,Polytechnic
1996,0,Education,M,Polytechnic
1996,504,Applied Arts,M,Polytechnic
1996,0,Humanities & Social Sciences,M,Polytechnic
1996,185,Mass Communication & Information Science,M,Polytechnic
1996,2962,Business & Administration,M,Polytechnic
1996,62,Legal Studies,M,Polytechnic
1996,337,Science & Related Technologies,M,Polytechnic
1996,276,Health Sciences,M,Polytechnic
1996,2136,Information Technology,M,Polytechnic
1996,1112,Architecture & Building,M,Polytechnic
1996,20630,Engineering Sciences,M,Polytechnic
1996,208,Services,M,Polytechnic
1996,20702,Females Total,F,Polytechnic
1996,0,Education,F,Polytechnic
1996,501,Applied Arts,F,Polytechnic
1996,0,Humanities & Social Sciences,F,Polytechnic
1996,324,Mass Communication & Information Science,F,Polytechnic
1996,7755,Business & Administration,F,Polytechnic
1996,182,Legal Studies,F,Polytechnic
1996,652,Science & Related Technologies,F,Polytechnic
1996,1632,Health Sciences,F,Polytechnic
1996,1433,Information Technology,F,Polytechnic
1996,935,Architecture & Building,F,Polytechnic
1996,7201,Engineering Sciences,F,Polytechnic
1996,87,Services,F,Polytechnic
1996,30374,Total,MF,University
1996,780,Education,MF,University
1996,0,Applied Arts,MF,University
1996,5199,Humanities & Social Sciences,MF,University
1996,433,Mass Communication,MF,University
1996,2309,Accountancy,MF,University
1996,4098,Business & Administration,MF,University
1996,695,Law,MF,University
1996,2909,"Natural, Physical & Mathematical Sciences",MF,University
1996,761,Medicine,MF,University
1996,142,Dentistry,MF,University
1996,193,Health Sciences,MF,University
1996,1743,Information Technology,MF,University
1996,1099,Architecture & Building,MF,University
1996,10013,Engineering Sciences,MF,University
1996,0,Services,MF,University
1996,49114,Total,MF,Polytechnic
1996,0,Education,MF,Polytechnic
1996,1005,Applied Arts,MF,Polytechnic
1996,0,Humanities & Social Sciences,MF,Polytechnic
1996,509,Mass Communication & Information Science,MF,Polytechnic
1996,10717,Business & Administration,MF,Polytechnic
1996,244,Legal Studies,MF,Polytechnic
1996,989,Science & Related Technologies,MF,Polytechnic
1996,1908,Health Sciences,MF,Polytechnic
1996,3569,Information Technology,MF,Polytechnic
1996,2047,Architecture & Building,MF,Polytechnic
1996,27831,Engineering Sciences,MF,Polytechnic
1996,295,Services,MF,Polytechnic
1997,16251,Males Total,M,University
1997,206,Education,M,University
1997,0,Applied Arts,M,University
1997,1388,Humanities & Social Sciences,M,University
1997,122,Mass Communication,M,University
1997,853,Accountancy,M,University
1997,1249,Business & Administration,M,University
1997,297,Law,M,University
1997,1071,"Natural, Physical & Mathematical Sciences",M,University
1997,564,Medicine,M,University
1997,84,Dentistry,M,University
1997,37,Health Sciences,M,University
1997,958,Information Technology,M,University
1997,426,Architecture & Building,M,University
1997,8996,Engineering Sciences,M,University
1997,0,Services,M,University
1997,15477,Females Total,F,University
1997,503,Education,F,University
1997,0,Applied Arts,F,University
1997,3947,Humanities & Social Sciences,F,University
1997,330,Mass Communication,F,University
1997,1517,Accountancy,F,University
1997,2770,Business & Administration,F,University
1997,355,Law,F,University
1997,1885,"Natural, Physical & Mathematical Sciences",F,University
1997,225,Medicine,F,University
1997,58,Dentistry,F,University
1997,171,Health Sciences,F,University
1997,683,Information Technology,F,University
1997,669,Architecture & Building,F,University
1997,2364,Engineering Sciences,F,University
1997,0,Services,F,University
1997,29681,Males Total,M,Polytechnic
1997,0,Education,M,Polytechnic
1997,507,Applied Arts,M,Polytechnic
1997,0,Humanities & Social Sciences,M,Polytechnic
1997,181,Mass Communication & Information Science,M,Polytechnic
1997,2907,Business & Administration,M,Polytechnic
1997,84,Legal Studies,M,Polytechnic
1997,366,Science & Related Technologies,M,Polytechnic
1997,300,Health Sciences,M,Polytechnic
1997,2534,Information Technology,M,Polytechnic
1997,1085,Architecture & Building,M,Polytechnic
1997,21400,Engineering Sciences,M,Polytechnic
1997,317,Services,M,Polytechnic
1997,21954,Females Total,F,Polytechnic
1997,0,Education,F,Polytechnic
1997,602,Applied Arts,F,Polytechnic
1997,0,Humanities & Social Sciences,F,Polytechnic
1997,419,Mass Communication & Information Science,F,Polytechnic
1997,7740,Business & Administration,F,Polytechnic
1997,203,Legal Studies,F,Polytechnic
1997,793,Science & Related Technologies,F,Polytechnic
1997,1661,Health Sciences,F,Polytechnic
1997,1675,Information Technology,F,Polytechnic
1997,926,Architecture & Building,F,Polytechnic
1997,7840,Engineering Sciences,F,Polytechnic
1997,95,Services,F,Polytechnic
1997,31728,Total,MF,University
1997,709,Education,MF,University
1997,0,Applied Arts,MF,University
1997,5335,Humanities & Social Sciences,MF,University
1997,452,Mass Communication,MF,University
1997,2370,Accountancy,MF,University
1997,4019,Business & Administration,MF,University
1997,652,Law,MF,University
1997,2956,"Natural, Physical & Mathematical Sciences",MF,University
1997,789,Medicine,MF,University
1997,142,Dentistry,MF,University
1997,208,Health Sciences,MF,University
1997,1641,Information Technology,MF,University
1997,1095,Architecture & Building,MF,University
1997,11360,Engineering Sciences,MF,University
1997,0,Services,MF,University
1997,51635,Total,MF,Polytechnic
1997,0,Education,MF,Polytechnic
1997,1109,Applied Arts,MF,Polytechnic
1997,0,Humanities & Social Sciences,MF,Polytechnic
1997,600,Mass Communication & Information Science,MF,Polytechnic
1997,10647,Business & Administration,MF,Polytechnic
1997,287,Legal Studies,MF,Polytechnic
1997,1159,Science & Related Technologies,MF,Polytechnic
1997,1961,Health Sciences,MF,Polytechnic
1997,4209,Information Technology,MF,Polytechnic
1997,2011,Architecture & Building,MF,Polytechnic
1997,29240,Engineering Sciences,MF,Polytechnic
1997,412,Services,MF,Polytechnic
1998,17186,Males Total,M,University
1998,181,Education,M,University
1998,0,Applied Arts,M,University
1998,1393,Humanities & Social Sciences,M,University
1998,125,Mass Communication,M,University
1998,839,Accountancy,M,University
1998,1165,Business & Administration,M,University
1998,300,Law,M,University
1998,1034,"Natural, Physical & Mathematical Sciences",M,University
1998,584,Medicine,M,University
1998,81,Dentistry,M,University
1998,54,Health Sciences,M,University
1998,960,Information Technology,M,University
1998,431,Architecture & Building,M,University
1998,10039,Engineering Sciences,M,University
1998,0,Services,M,University
1998,15907,Females Total,F,University
1998,449,Education,F,University
1998,0,Applied Arts,F,University
1998,3961,Humanities & Social Sciences,F,University
1998,349,Mass Communication,F,University
1998,1512,Accountancy,F,University
1998,2669,Business & Administration,F,University
1998,329,Law,F,University
1998,1918,"Natural, Physical & Mathematical Sciences",F,University
1998,250,Medicine,F,University
1998,57,Dentistry,F,University
1998,177,Health Sciences,F,University
1998,555,Information Technology,F,University
1998,746,Architecture & Building,F,University
1998,2935,Engineering Sciences,F,University
1998,0,Services,F,University
1998,30035,Males Total,M,Polytechnic
1998,0,Education,M,Polytechnic
1998,645,Applied Arts,M,Polytechnic
1998,0,Humanities & Social Sciences,M,Polytechnic
1998,178,Mass Communication & Information Science,M,Polytechnic
1998,2920,Business & Administration,M,Polytechnic
1998,88,Legal Studies,M,Polytechnic
1998,397,Science & Related Technologies,M,Polytechnic
1998,331,Health Sciences,M,Polytechnic
1998,3252,Information Technology,M,Polytechnic
1998,952,Architecture & Building,M,Polytechnic
1998,20947,Engineering Sciences,M,Polytechnic
1998,325,Services,M,Polytechnic
1998,23142,Females Total,F,Polytechnic
1998,0,Education,F,Polytechnic
1998,733,Applied Arts,F,Polytechnic
1998,0,Humanities & Social Sciences,F,Polytechnic
1998,477,Mass Communication & Information Science,F,Polytechnic
1998,7811,Business & Administration,F,Polytechnic
1998,218,Legal Studies,F,Polytechnic
1998,927,Science & Related Technologies,F,Polytechnic
1998,1762,Health Sciences,F,Polytechnic
1998,2011,Information Technology,F,Polytechnic
1998,907,Architecture & Building,F,Polytechnic
1998,8192,Engineering Sciences,F,Polytechnic
1998,104,Services,F,Polytechnic
1998,33093,Total,MF,University
1998,630,Education,MF,University
1998,0,Applied Arts,MF,University
1998,5354,Humanities & Social Sciences,MF,University
1998,474,Mass Communication,MF,University
1998,2351,Accountancy,MF,University
1998,3834,Business & Administration,MF,University
1998,629,Law,MF,University
1998,2952,"Natural, Physical & Mathematical Sciences",MF,University
1998,834,Medicine,MF,University
1998,138,Dentistry,MF,University
1998,231,Health Sciences,MF,University
1998,1515,Information Technology,MF,University
1998,1177,Architecture & Building,MF,University
1998,12974,Engineering Sciences,MF,University
1998,0,Services,MF,University
1998,53177,Total,MF,Polytechnic
1998,0,Education,MF,Polytechnic
1998,1378,Applied Arts,MF,Polytechnic
1998,0,Humanities & Social Sciences,MF,Polytechnic
1998,655,Mass Communication & Information Science,MF,Polytechnic
1998,10731,Business & Administration,MF,Polytechnic
1998,306,Legal Studies,MF,Polytechnic
1998,1324,Science & Related Technologies,MF,Polytechnic
1998,2093,Health Sciences,MF,Polytechnic
1998,5263,Information Technology,MF,Polytechnic
1998,1859,Architecture & Building,MF,Polytechnic
1998,29139,Engineering Sciences,MF,Polytechnic
1998,429,Services,MF,Polytechnic
1999,18319,Males Total,M,University
1999,195,Education,M,University
1999,14,Applied Arts,M,University
1999,1463,Humanities & Social Sciences,M,University
1999,141,Mass Communication,M,University
1999,760,Accountancy,M,University
1999,1136,Business & Administration,M,University
1999,269,Law,M,University
1999,1048,"Natural, Physical & Mathematical Sciences",M,University
1999,604,Medicine,M,University
1999,83,Dentistry,M,University
1999,66,Health Sciences,M,University
1999,1062,Information Technology,M,University
1999,504,Architecture & Building,M,University
1999,10974,Engineering Sciences,M,University
1999,0,Services,M,University
1999,16783,Females Total,F,University
1999,465,Education,F,University
1999,11,Applied Arts,F,University
1999,3989,Humanities & Social Sciences,F,University
1999,339,Mass Communication,F,University
1999,1548,Accountancy,F,University
1999,2563,Business & Administration,F,University
1999,334,Law,F,University
1999,2071,"Natural, Physical & Mathematical Sciences",F,University
1999,284,Medicine,F,University
1999,53,Dentistry,F,University
1999,183,Health Sciences,F,University
1999,603,Information Technology,F,University
1999,815,Architecture & Building,F,University
1999,3525,Engineering Sciences,F,University
1999,0,Services,F,University
1999,30725,Males Total,M,Polytechnic
1999,4,Education,M,Polytechnic
1999,769,Applied Arts,M,Polytechnic
1999,0,Humanities & Social Sciences,M,Polytechnic
1999,165,Mass Communication & Information Science,M,Polytechnic
1999,2947,Business & Administration,M,Polytechnic
1999,98,Legal Studies,M,Polytechnic
1999,409,Science & Related Technologies,M,Polytechnic
1999,360,Health Sciences,M,Polytechnic
1999,3974,Information Technology,M,Polytechnic
1999,892,Architecture & Building,M,Polytechnic
1999,20677,Engineering Sciences,M,Polytechnic
1999,430,Services,M,Polytechnic
1999,24209,Females Total,F,Polytechnic
1999,82,Education,F,Polytechnic
1999,818,Applied Arts,F,Polytechnic
1999,0,Humanities & Social Sciences,F,Polytechnic
1999,506,Mass Communication & Information Science,F,Polytechnic
1999,7838,Business & Administration,F,Polytechnic
1999,222,Legal Studies,F,Polytechnic
1999,1073,Science & Related Technologies,F,Polytechnic
1999,1800,Health Sciences,F,Polytechnic
1999,2423,Information Technology,F,Polytechnic
1999,918,Architecture & Building,F,Polytechnic
1999,8412,Engineering Sciences,F,Polytechnic
1999,117,Services,F,Polytechnic
1999,35102,Total,MF,University
1999,660,Education,MF,University
1999,25,Applied Arts,MF,University
1999,5452,Humanities & Social Sciences,MF,University
1999,480,Mass Communication,MF,University
1999,2308,Accountancy,MF,University
1999,3699,Business & Administration,MF,University
1999,603,Law,MF,University
1999,3119,"Natural, Physical & Mathematical Sciences",MF,University
1999,888,Medicine,MF,University
1999,136,Dentistry,MF,University
1999,249,Health Sciences,MF,University
1999,1665,Information Technology,MF,University
1999,1319,Architecture & Building,MF,University
1999,14499,Engineering Sciences,MF,University
1999,0,Services,MF,University
1999,54934,Total,MF,Polytechnic
1999,86,Education,MF,Polytechnic
1999,1587,Applied Arts,MF,Polytechnic
1999,0,Humanities & Social Sciences,MF,Polytechnic
1999,671,Mass Communication & Information Science,MF,Polytechnic
1999,10785,Business & Administration,MF,Polytechnic
1999,320,Legal Studies,MF,Polytechnic
1999,1482,Science & Related Technologies,MF,Polytechnic
1999,2160,Health Sciences,MF,Polytechnic
1999,6397,Information Technology,MF,Polytechnic
1999,1810,Architecture & Building,MF,Polytechnic
1999,29089,Engineering Sciences,MF,Polytechnic
1999,547,Services,MF,Polytechnic
2000,19556,Males Total,M,University
2000,211,Education,M,University
2000,22,Applied Arts,M,University
2000,1477,Humanities & Social Sciences,M,University
2000,136,Mass Communication,M,University
2000,715,Accountancy,M,University
2000,1159,Business & Administration,M,University
2000,248,Law,M,University
2000,1153,"Natural, Physical & Mathematical Sciences",M,University
2000,611,Medicine,M,University
2000,83,Dentistry,M,University
2000,66,Health Sciences,M,University
2000,1236,Information Technology,M,University
2000,578,Architecture & Building,M,University
2000,11861,Engineering Sciences,M,University
2000,0,Services,M,University
2000,18092,Females Total,F,University
2000,616,Education,F,University
2000,26,Applied Arts,F,University
2000,3966,Humanities & Social Sciences,F,University
2000,361,Mass Communication,F,University
2000,1567,Accountancy,F,University
2000,2593,Business & Administration,F,University
2000,350,Law,F,University
2000,2295,"Natural, Physical & Mathematical Sciences",F,University
2000,336,Medicine,F,University
2000,56,Dentistry,F,University
2000,223,Health Sciences,F,University
2000,688,Information Technology,F,University
2000,847,Architecture & Building,F,University
2000,4168,Engineering Sciences,F,University
2000,0,Services,F,University
2000,31108,Males Total,M,Polytechnic
2000,11,Education,M,Polytechnic
2000,841,Applied Arts,M,Polytechnic
2000,0,Humanities & Social Sciences,M,Polytechnic
2000,180,Mass Communication & Information Science,M,Polytechnic
2000,3064,Business & Administration,M,Polytechnic
2000,109,Legal Studies,M,Polytechnic
2000,444,Science & Related Technologies,M,Polytechnic
2000,350,Health Sciences,M,Polytechnic
2000,4801,Information Technology,M,Polytechnic
2000,745,Architecture & Building,M,Polytechnic
2000,20097,Engineering Sciences,M,Polytechnic
2000,466,Services,M,Polytechnic
2000,24936,Females Total,F,Polytechnic
2000,194,Education,F,Polytechnic
2000,864,Applied Arts,F,Polytechnic
2000,0,Humanities & Social Sciences,F,Polytechnic
2000,456,Mass Communication & Information Science,F,Polytechnic
2000,7929,Business & Administration,F,Polytechnic
2000,229,Legal Studies,F,Polytechnic
2000,1168,Science & Related Technologies,F,Polytechnic
2000,1793,Health Sciences,F,Polytechnic
2000,2898,Information Technology,F,Polytechnic
2000,917,Architecture & Building,F,Polytechnic
2000,8352,Engineering Sciences,F,Polytechnic
2000,136,Services,F,Polytechnic
2000,37648,Total,MF,University
2000,827,Education,MF,University
2000,48,Applied Arts,MF,University
2000,5443,Humanities & Social Sciences,MF,University
2000,497,Mass Communication,MF,University
2000,2282,Accountancy,MF,University
2000,3752,Business & Administration,MF,University
2000,598,Law,MF,University
2000,3448,"Natural, Physical & Mathematical Sciences",MF,University
2000,947,Medicine,MF,University
2000,139,Dentistry,MF,University
2000,289,Health Sciences,MF,University
2000,1924,Information Technology,MF,University
2000,1425,Architecture & Building,MF,University
2000,16029,Engineering Sciences,MF,University
2000,0,Services,MF,University
2000,56044,Total,MF,Polytechnic
2000,205,Education,MF,Polytechnic
2000,1705,Applied Arts,MF,Polytechnic
2000,0,Humanities & Social Sciences,MF,Polytechnic
2000,636,Mass Communication & Information Science,MF,Polytechnic
2000,10993,Business & Administration,MF,Polytechnic
2000,338,Legal Studies,MF,Polytechnic
2000,1612,Science & Related Technologies,MF,Polytechnic
2000,2143,Health Sciences,MF,Polytechnic
2000,7699,Information Technology,MF,Polytechnic
2000,1662,Architecture & Building,MF,Polytechnic
2000,28449,Engineering Sciences,MF,Polytechnic
2000,602,Services,MF,Polytechnic
2001,20354,Males Total,M,University
2001,238,Education,M,University
2001,35,Applied Arts,M,University
2001,1506,Humanities & Social Sciences,M,University
2001,134,Mass Communication,M,University
2001,712,Accountancy,M,University
2001,1130,Business & Administration,M,University
2001,251,Law,M,University
2001,1276,"Natural, Physical & Mathematical Sciences",M,University
2001,650,Medicine,M,University
2001,85,Dentistry,M,University
2001,65,Health Sciences,M,University
2001,1319,Information Technology,M,University
2001,608,Architecture & Building,M,University
2001,12345,Engineering Sciences,M,University
2001,0,Services,M,University
2001,19217,Females Total,F,University
2001,724,Education,F,University
2001,37,Applied Arts,F,University
2001,3911,Humanities & Social Sciences,F,University
2001,399,Mass Communication,F,University
2001,1543,Accountancy,F,University
2001,2632,Business & Administration,F,University
2001,378,Law,F,University
2001,2547,"Natural, Physical & Mathematical Sciences",F,University
2001,386,Medicine,F,University
2001,52,Dentistry,F,University
2001,249,Health Sciences,F,University
2001,804,Information Technology,F,University
2001,886,Architecture & Building,F,University
2001,4669,Engineering Sciences,F,University
2001,0,Services,F,University
2001,31813,Males Total,M,Polytechnic
2001,12,Education,M,Polytechnic
2001,861,Applied Arts,M,Polytechnic
2001,0,Humanities & Social Sciences,M,Polytechnic
2001,227,Mass Communication & Information Science,M,Polytechnic
2001,3116,Business & Administration,M,Polytechnic
2001,128,Legal Studies,M,Polytechnic
2001,509,Science & Related Technologies,M,Polytechnic
2001,396,Health Sciences,M,Polytechnic
2001,5639,Information Technology,M,Polytechnic
2001,626,Architecture & Building,M,Polytechnic
2001,19823,Engineering Sciences,M,Polytechnic
2001,476,Services,M,Polytechnic
2001,25686,Females Total,F,Polytechnic
2001,292,Education,F,Polytechnic
2001,881,Applied Arts,F,Polytechnic
2001,0,Humanities & Social Sciences,F,Polytechnic
2001,584,Mass Communication & Information Science,F,Polytechnic
2001,7928,Business & Administration,F,Polytechnic
2001,274,Legal Studies,F,Polytechnic
2001,1104,Science & Related Technologies,F,Polytechnic
2001,2058,Health Sciences,F,Polytechnic
2001,3555,Information Technology,F,Polytechnic
2001,964,Architecture & Building,F,Polytechnic
2001,7906,Engineering Sciences,F,Polytechnic
2001,140,Services,F,Polytechnic
2001,39571,Total,MF,University
2001,962,Education,MF,University
2001,72,Applied Arts,MF,University
2001,5417,Humanities & Social Sciences,MF,University
2001,533,Mass Communication,MF,University
2001,2255,Accountancy,MF,University
2001,3762,Business & Administration,MF,University
2001,629,Law,MF,University
2001,3823,"Natural, Physical & Mathematical Sciences",MF,University
2001,1036,Medicine,MF,University
2001,137,Dentistry,MF,University
2001,314,Health Sciences,MF,University
2001,2123,Information Technology,MF,University
2001,1494,Architecture & Building,MF,University
2001,17014,Engineering Sciences,MF,University
2001,0,Services,MF,University
2001,57499,Total,MF,Polytechnic
2001,304,Education,MF,Polytechnic
2001,1742,Applied Arts,MF,Polytechnic
2001,0,Humanities & Social Sciences,MF,Polytechnic
2001,811,Mass Communication & Information Science,MF,Polytechnic
2001,11044,Business & Administration,MF,Polytechnic
2001,402,Legal Studies,MF,Polytechnic
2001,1613,Science & Related Technologies,MF,Polytechnic
2001,2454,Health Sciences,MF,Polytechnic
2001,9194,Information Technology,MF,Polytechnic
2001,1590,Architecture & Building,MF,Polytechnic
2001,27729,Engineering Sciences,MF,Polytechnic
2001,616,Services,MF,Polytechnic
2002,20896,Males Total,M,University
2002,261,Education,M,University
2002,48,Applied Arts,M,University
2002,1478,Humanities & Social Sciences,M,University
2002,137,Mass Communication,M,University
2002,711,Accountancy,M,University
2002,1227,Business & Administration,M,University
2002,245,Law,M,University
2002,1409,"Natural, Physical & Mathematical Sciences",M,University
2002,671,Medicine,M,University
2002,80,Dentistry,M,University
2002,68,Health Sciences,M,University
2002,1283,Information Technology,M,University
2002,629,Architecture & Building,M,University
2002,12649,Engineering Sciences,M,University
2002,0,Services,M,University
2002,19844,Females Total,F,University
2002,846,Education,F,University
2002,49,Applied Arts,F,University
2002,3792,Humanities & Social Sciences,F,University
2002,413,Mass Communication,F,University
2002,1498,Accountancy,F,University
2002,2738,Business & Administration,F,University
2002,435,Law,F,University
2002,2674,"Natural, Physical & Mathematical Sciences",F,University
2002,410,Medicine,F,University
2002,56,Dentistry,F,University
2002,257,Health Sciences,F,University
2002,785,Information Technology,F,University
2002,883,Architecture & Building,F,University
2002,5008,Engineering Sciences,F,University
2002,0,Services,F,University
2002,32783,Males Total,M,Polytechnic
2002,9,Education,M,Polytechnic
2002,865,Applied Arts,M,Polytechnic
2002,0,Humanities & Social Sciences,M,Polytechnic
2002,329,Mass Communication & Information Science,M,Polytechnic
2002,3072,Business & Administration,M,Polytechnic
2002,114,Legal Studies,M,Polytechnic
2002,774,Science & Related Technologies,M,Polytechnic
2002,361,Health Sciences,M,Polytechnic
2002,6723,Information Technology,M,Polytechnic
2002,588,Architecture & Building,M,Polytechnic
2002,19424,Engineering Sciences,M,Polytechnic
2002,524,Services,M,Polytechnic
2002,26535,Females Total,F,Polytechnic
2002,326,Education,F,Polytechnic
2002,969,Applied Arts,F,Polytechnic
2002,0,Humanities & Social Sciences,F,Polytechnic
2002,739,Mass Communication & Information Science,F,Polytechnic
2002,7876,Business & Administration,F,Polytechnic
2002,259,Legal Studies,F,Polytechnic
2002,1341,Science & Related Technologies,F,Polytechnic
2002,2180,Health Sciences,F,Polytechnic
2002,4305,Information Technology,F,Polytechnic
2002,931,Architecture & Building,F,Polytechnic
2002,7460,Engineering Sciences,F,Polytechnic
2002,149,Services,F,Polytechnic
2002,40740,Total,MF,University
2002,1107,Education,MF,University
2002,97,Applied Arts,MF,University
2002,5270,Humanities & Social Sciences,MF,University
2002,550,Mass Communication,MF,University
2002,2209,Accountancy,MF,University
2002,3965,Business & Administration,MF,University
2002,680,Law,MF,University
2002,4083,"Natural, Physical & Mathematical Sciences",MF,University
2002,1081,Medicine,MF,University
2002,136,Dentistry,MF,University
2002,325,Health Sciences,MF,University
2002,2068,Information Technology,MF,University
2002,1512,Architecture & Building,MF,University
2002,17657,Engineering Sciences,MF,University
2002,0,Services,MF,University
2002,59318,Total,MF,Polytechnic
2002,335,Education,MF,Polytechnic
2002,1834,Applied Arts,MF,Polytechnic
2002,0,Humanities & Social Sciences,MF,Polytechnic
2002,1068,Mass Communication & Information Science,MF,Polytechnic
2002,10948,Business & Administration,MF,Polytechnic
2002,373,Legal Studies,MF,Polytechnic
2002,2115,Science & Related Technologies,MF,Polytechnic
2002,2541,Health Sciences,MF,Polytechnic
2002,11028,Information Technology,MF,Polytechnic
2002,1519,Architecture & Building,MF,Polytechnic
2002,26884,Engineering Sciences,MF,Polytechnic
2002,673,Services,MF,Polytechnic
2003,21275,Males Total,M,University
2003,290,Education,M,University
2003,83,Applied Arts,M,University
2003,1501,Humanities & Social Sciences,M,University
2003,134,Mass Communication,M,University
2003,672,Accountancy,M,University
2003,1406,Business & Administration,M,University
2003,273,Law,M,University
2003,1460,"Natural, Physical & Mathematical Sciences",M,University
2003,673,Medicine,M,University
2003,78,Dentistry,M,University
2003,71,Health Sciences,M,University
2003,1230,Information Technology,M,University
2003,593,Architecture & Building,M,University
2003,12811,Engineering Sciences,M,University
2003,0,Services,M,University
2003,20410,Females Total,F,University
2003,884,Education,F,University
2003,91,Applied Arts,F,University
2003,3735,Humanities & Social Sciences,F,University
2003,474,Mass Communication,F,University
2003,1497,Accountancy,F,University
2003,2865,Business & Administration,F,University
2003,479,Law,F,University
2003,2976,"Natural, Physical & Mathematical Sciences",F,University
2003,441,Medicine,F,University
2003,60,Dentistry,F,University
2003,273,Health Sciences,F,University
2003,686,Information Technology,F,University
2003,881,Architecture & Building,F,University
2003,5068,Engineering Sciences,F,University
2003,0,Services,F,University
2003,32848,Males Total,M,Polytechnic
2003,7,Education,M,Polytechnic
2003,845,Applied Arts,M,Polytechnic
2003,0,Humanities & Social Sciences,M,Polytechnic
2003,378,Mass Communication & Information Science,M,Polytechnic
2003,2941,Business & Administration,M,Polytechnic
2003,107,Legal Studies,M,Polytechnic
2003,971,Science & Related Technologies,M,Polytechnic
2003,562,Health Sciences,M,Polytechnic
2003,6907,Information Technology,M,Polytechnic
2003,556,Architecture & Building,M,Polytechnic
2003,19066,Engineering Sciences,M,Polytechnic
2003,508,Services,M,Polytechnic
2003,27113,Females Total,F,Polytechnic
2003,350,Education,F,Polytechnic
2003,1044,Applied Arts,F,Polytechnic
2003,0,Humanities & Social Sciences,F,Polytechnic
2003,916,Mass Communication & Information Science,F,Polytechnic
2003,7585,Business & Administration,F,Polytechnic
2003,245,Legal Studies,F,Polytechnic
2003,1406,Science & Related Technologies,F,Polytechnic
2003,2849,Health Sciences,F,Polytechnic
2003,4808,Information Technology,F,Polytechnic
2003,857,Architecture & Building,F,Polytechnic
2003,6876,Engineering Sciences,F,Polytechnic
2003,177,Services,F,Polytechnic
2003,41685,Total,MF,University
2003,1174,Education,MF,University
2003,174,Applied Arts,MF,University
2003,5236,Humanities & Social Sciences,MF,University
2003,608,Mass Communication,MF,University
2003,2169,Accountancy,MF,University
2003,4271,Business & Administration,MF,University
2003,752,Law,MF,University
2003,4436,"Natural, Physical & Mathematical Sciences",MF,University
2003,1114,Medicine,MF,University
2003,138,Dentistry,MF,University
2003,344,Health Sciences,MF,University
2003,1916,Information Technology,MF,University
2003,1474,Architecture & Building,MF,University
2003,17879,Engineering Sciences,MF,University
2003,0,Services,MF,University
2003,59961,Total,MF,Polytechnic
2003,357,Education,MF,Polytechnic
2003,1889,Applied Arts,MF,Polytechnic
2003,0,Humanities & Social Sciences,MF,Polytechnic
2003,1294,Mass Communication & Information Science,MF,Polytechnic
2003,10526,Business & Administration,MF,Polytechnic
2003,352,Legal Studies,MF,Polytechnic
2003,2377,Science & Related Technologies,MF,Polytechnic
2003,3411,Health Sciences,MF,Polytechnic
2003,11715,Information Technology,MF,Polytechnic
2003,1413,Architecture & Building,MF,Polytechnic
2003,25942,Engineering Sciences,MF,Polytechnic
2003,685,Services,MF,Polytechnic
2004,21934,Males Total,M,University
2004,286,Education,M,University
2004,100,Applied Arts,M,University
2004,1599,Humanities & Social Sciences,M,University
2004,132,Mass Communication,M,University
2004,697,Accountancy,M,University
2004,1597,Business & Administration,M,University
2004,314,Law,M,University
2004,1531,"Natural, Physical & Mathematical Sciences",M,University
2004,684,Medicine,M,University
2004,80,Dentistry,M,University
2004,70,Health Sciences,M,University
2004,1206,Information Technology,M,University
2004,610,Architecture & Building,M,University
2004,13018,Engineering Sciences,M,University
2004,10,Services,M,University
2004,21252,Females Total,F,University
2004,812,Education,F,University
2004,126,Applied Arts,F,University
2004,3860,Humanities & Social Sciences,F,University
2004,490,Mass Communication,F,University
2004,1698,Accountancy,F,University
2004,3024,Business & Administration,F,University
2004,502,Law,F,University
2004,3002,"Natural, Physical & Mathematical Sciences",F,University
2004,461,Medicine,F,University
2004,61,Dentistry,F,University
2004,277,Health Sciences,F,University
2004,651,Information Technology,F,University
2004,926,Architecture & Building,F,University
2004,5319,Engineering Sciences,F,University
2004,43,Services,F,University
2004,32962,Males Total,M,Polytechnic
2004,6,Education,M,Polytechnic
2004,910,Applied Arts,M,Polytechnic
2004,0,Humanities & Social Sciences,M,Polytechnic
2004,421,Mass Communication & Information Science,M,Polytechnic
2004,2991,Business & Administration,M,Polytechnic
2004,118,Legal Studies,M,Polytechnic
2004,1068,Science & Related Technologies,M,Polytechnic
2004,848,Health Sciences,M,Polytechnic
2004,6876,Information Technology,M,Polytechnic
2004,588,Architecture & Building,M,Polytechnic
2004,18569,Engineering Sciences,M,Polytechnic
2004,567,Services,M,Polytechnic
2004,27379,Females Total,F,Polytechnic
2004,413,Education,F,Polytechnic
2004,1210,Applied Arts,F,Polytechnic
2004,0,Humanities & Social Sciences,F,Polytechnic
2004,1044,Mass Communication & Information Science,F,Polytechnic
2004,7263,Business & Administration,F,Polytechnic
2004,230,Legal Studies,F,Polytechnic
2004,1573,Science & Related Technologies,F,Polytechnic
2004,3632,Health Sciences,F,Polytechnic
2004,4869,Information Technology,F,Polytechnic
2004,833,Architecture & Building,F,Polytechnic
2004,6145,Engineering Sciences,F,Polytechnic
2004,167,Services,F,Polytechnic
2004,43186,Total,MF,University
2004,1098,Education,MF,University
2004,226,Applied Arts,MF,University
2004,5459,Humanities & Social Sciences,MF,University
2004,622,Mass Communication,MF,University
2004,2395,Accountancy,MF,University
2004,4621,Business & Administration,MF,University
2004,816,Law,MF,University
2004,4533,"Natural, Physical & Mathematical Sciences",MF,University
2004,1145,Medicine,MF,University
2004,141,Dentistry,MF,University
2004,347,Health Sciences,MF,University
2004,1857,Information Technology,MF,University
2004,1536,Architecture & Building,MF,University
2004,18337,Engineering Sciences,MF,University
2004,53,Services,MF,University
2004,60341,Total,MF,Polytechnic
2004,419,Education,MF,Polytechnic
2004,2120,Applied Arts,MF,Polytechnic
2004,0,Humanities & Social Sciences,MF,Polytechnic
2004,1465,Mass Communication & Information Science,MF,Polytechnic
2004,10254,Business & Administration,MF,Polytechnic
2004,348,Legal Studies,MF,Polytechnic
2004,2641,Science & Related Technologies,MF,Polytechnic
2004,4480,Health Sciences,MF,Polytechnic
2004,11745,Information Technology,MF,Polytechnic
2004,1421,Architecture & Building,MF,Polytechnic
2004,24714,Engineering Sciences,MF,Polytechnic
2004,734,Services,MF,Polytechnic
2005,23220,Males Total,M,University
2005,249,Education,M,University
2005,143,Applied Arts,M,University
2005,1823,Humanities & Social Sciences,M,University
2005,137,Mass Communication,M,University
2005,829,Accountancy,M,University
2005,1914,Business & Administration,M,University
2005,345,Law,M,University
2005,1846,"Natural, Physical & Mathematical Sciences",M,University
2005,690,Medicine,M,University
2005,72,Dentistry,M,University
2005,81,Health Sciences,M,University
2005,1278,Information Technology,M,University
2005,609,Architecture & Building,M,University
2005,13176,Engineering Sciences,M,University
2005,28,Services,M,University
2005,22133,Females Total,F,University
2005,695,Education,F,University
2005,212,Applied Arts,F,University
2005,4331,Humanities & Social Sciences,F,University
2005,507,Mass Communication,F,University
2005,1732,Accountancy,F,University
2005,3098,Business & Administration,F,University
2005,499,Law,F,University
2005,3203,"Natural, Physical & Mathematical Sciences",F,University
2005,479,Medicine,F,University
2005,67,Dentistry,F,University
2005,352,Health Sciences,F,University
2005,722,Information Technology,F,University
2005,870,Architecture & Building,F,University
2005,5286,Engineering Sciences,F,University
2005,80,Services,F,University
2005,34266,Males Total,M,Polytechnic
2005,15,Education,M,Polytechnic
2005,1056,Applied Arts,M,Polytechnic
2005,10,Humanities & Social Sciences,M,Polytechnic
2005,399,Mass Communication & Information Science,M,Polytechnic
2005,3267,Business & Administration,M,Polytechnic
2005,123,Legal Studies,M,Polytechnic
2005,1169,Science & Related Technologies,M,Polytechnic
2005,1075,Health Sciences,M,Polytechnic
2005,6879,Information Technology,M,Polytechnic
2005,596,Architecture & Building,M,Polytechnic
2005,19155,Engineering Sciences,M,Polytechnic
2005,522,Services,M,Polytechnic
2005,28858,Females Total,F,Polytechnic
2005,469,Education,F,Polytechnic
2005,1543,Applied Arts,F,Polytechnic
2005,73,Humanities & Social Sciences,F,Polytechnic
2005,1052,Mass Communication & Information Science,F,Polytechnic
2005,7268,Business & Administration,F,Polytechnic
2005,236,Legal Studies,F,Polytechnic
2005,1682,Science & Related Technologies,F,Polytechnic
2005,4159,Health Sciences,F,Polytechnic
2005,5144,Information Technology,F,Polytechnic
2005,870,Architecture & Building,F,Polytechnic
2005,6173,Engineering Sciences,F,Polytechnic
2005,189,Services,F,Polytechnic
2005,45353,Total,MF,University
2005,944,Education,MF,University
2005,355,Applied Arts,MF,University
2005,6154,Humanities & Social Sciences,MF,University
2005,644,Mass Communication,MF,University
2005,2561,Accountancy,MF,University
2005,5012,Business & Administration,MF,University
2005,844,Law,MF,University
2005,5049,"Natural, Physical & Mathematical Sciences",MF,University
2005,1169,Medicine,MF,University
2005,139,Dentistry,MF,University
2005,433,Health Sciences,MF,University
2005,2000,Information Technology,MF,University
2005,1479,Architecture & Building,MF,University
2005,18462,Engineering Sciences,MF,University
2005,108,Services,MF,University
2005,63124,Total,MF,Polytechnic
2005,484,Education,MF,Polytechnic
2005,2599,Applied Arts,MF,Polytechnic
2005,83,Humanities & Social Sciences,MF,Polytechnic
2005,1451,Mass Communication & Information Science,MF,Polytechnic
2005,10535,Business & Administration,MF,Polytechnic
2005,359,Legal Studies,MF,Polytechnic
2005,2851,Science & Related Technologies,MF,Polytechnic
2005,5234,Health Sciences,MF,Polytechnic
2005,12023,Information Technology,MF,Polytechnic
2005,1466,Architecture & Building,MF,Polytechnic
2005,25328,Engineering Sciences,MF,Polytechnic
2005,711,Services,MF,Polytechnic
2006,24657,Males Total,M,University
2006,212,Education,M,University
2006,223,Applied Arts,M,University
2006,2135,Humanities & Social Sciences,M,University
2006,130,Mass Communication,M,University
2006,1087,Accountancy,M,University
2006,2141,Business & Administration,M,University
2006,409,Law,M,University
2006,2041,"Natural, Physical & Mathematical Sciences",M,University
2006,685,Medicine,M,University
2006,70,Dentistry,M,University
2006,94,Health Sciences,M,University
2006,1429,Information Technology,M,University
2006,582,Architecture & Building,M,University
2006,13359,Engineering Sciences,M,University
2006,60,Services,M,University
2006,23449,Females Total,F,University
2006,652,Education,F,University
2006,334,Applied Arts,F,University
2006,4887,Humanities & Social Sciences,F,University
2006,555,Mass Communication,F,University
2006,1845,Accountancy,F,University
2006,3271,Business & Administration,F,University
2006,463,Law,F,University
2006,3513,"Natural, Physical & Mathematical Sciences",F,University
2006,503,Medicine,F,University
2006,78,Dentistry,F,University
2006,489,Health Sciences,F,University
2006,743,Information Technology,F,University
2006,877,Architecture & Building,F,University
2006,5122,Engineering Sciences,F,University
2006,117,Services,F,University
2006,36123,Males Total,M,Polytechnic
2006,17,Education,M,Polytechnic
2006,1356,Applied Arts,M,Polytechnic
2006,76,Humanities & Social Sciences,M,Polytechnic
2006,411,Mass Communication & Information Science,M,Polytechnic
2006,3810,Business & Administration,M,Polytechnic
2006,133,Legal Studies,M,Polytechnic
2006,1286,Science & Related Technologies,M,Polytechnic
2006,1301,Health Sciences,M,Polytechnic
2006,6740,Information Technology,M,Polytechnic
2006,667,Architecture & Building,M,Polytechnic
2006,19873,Engineering Sciences,M,Polytechnic
2006,453,Services,M,Polytechnic
2006,30420,Females Total,F,Polytechnic
2006,517,Education,F,Polytechnic
2006,1859,Applied Arts,F,Polytechnic
2006,167,Humanities & Social Sciences,F,Polytechnic
2006,1042,Mass Communication & Information Science,F,Polytechnic
2006,7524,Business & Administration,F,Polytechnic
2006,238,Legal Studies,F,Polytechnic
2006,1777,Science & Related Technologies,F,Polytechnic
2006,4663,Health Sciences,F,Polytechnic
2006,5153,Information Technology,F,Polytechnic
2006,955,Architecture & Building,F,Polytechnic
2006,6303,Engineering Sciences,F,Polytechnic
2006,222,Services,F,Polytechnic
2006,48106,Total,MF,University
2006,864,Education,MF,University
2006,557,Applied Arts,MF,University
2006,7022,Humanities & Social Sciences,MF,University
2006,685,Mass Communication,MF,University
2006,2932,Accountancy,MF,University
2006,5412,Business & Administration,MF,University
2006,872,Law,MF,University
2006,5554,"Natural, Physical & Mathematical Sciences",MF,University
2006,1188,Medicine,MF,University
2006,148,Dentistry,MF,University
2006,583,Health Sciences,MF,University
2006,2172,Information Technology,MF,University
2006,1459,Architecture & Building,MF,University
2006,18481,Engineering Sciences,MF,University
2006,177,Services,MF,University
2006,66543,Total,MF,Polytechnic
2006,534,Education,MF,Polytechnic
2006,3215,Applied Arts,MF,Polytechnic
2006,243,Humanities & Social Sciences,MF,Polytechnic
2006,1453,Mass Communication & Information Science,MF,Polytechnic
2006,11334,Business & Administration,MF,Polytechnic
2006,371,Legal Studies,MF,Polytechnic
2006,3063,Science & Related Technologies,MF,Polytechnic
2006,5964,Health Sciences,MF,Polytechnic
2006,11893,Information Technology,MF,Polytechnic
2006,1622,Architecture & Building,MF,Polytechnic
2006,26176,Engineering Sciences,MF,Polytechnic
2006,675,Services,MF,Polytechnic
2007,25191,Males Total,M,University
2007,234,Education,M,University
2007,282,Applied Arts,M,University
2007,2388,Humanities & Social Sciences,M,University
2007,147,Mass Communication,M,University
2007,1160,Accountancy,M,University
2007,2312,Business & Administration,M,University
2007,457,Law,M,University
2007,2243,"Natural, Physical & Mathematical Sciences",M,University
2007,671,Medicine,M,University
2007,65,Dentistry,M,University
2007,128,Health Sciences,M,University
2007,1570,Information Technology,M,University
2007,579,Architecture & Building,M,University
2007,12872,Engineering Sciences,M,University
2007,83,Services,M,University
2007,25372,Females Total,F,University
2007,791,Education,F,University
2007,429,Applied Arts,F,University
2007,5697,Humanities & Social Sciences,F,University
2007,546,Mass Communication,F,University
2007,1914,Accountancy,F,University
2007,3363,Business & Administration,F,University
2007,547,Law,F,University
2007,3925,"Natural, Physical & Mathematical Sciences",F,University
2007,536,Medicine,F,University
2007,89,Dentistry,F,University
2007,617,Health Sciences,F,University
2007,768,Information Technology,F,University
2007,966,Architecture & Building,F,University
2007,5021,Engineering Sciences,F,University
2007,163,Services,F,University
2007,38625,Males Total,M,Polytechnic
2007,25,Education,M,Polytechnic
2007,1583,Applied Arts,M,Polytechnic
2007,195,Humanities & Social Sciences,M,Polytechnic
2007,439,Mass Communication & Information Science,M,Polytechnic
2007,4605,Business & Administration,M,Polytechnic
2007,131,Legal Studies,M,Polytechnic
2007,1487,Science & Related Technologies,M,Polytechnic
2007,1279,Health Sciences,M,Polytechnic
2007,7063,Information Technology,M,Polytechnic
2007,724,Architecture & Building,M,Polytechnic
2007,20500,Engineering Sciences,M,Polytechnic
2007,594,Services,M,Polytechnic
2007,32358,Females Total,F,Polytechnic
2007,523,Education,F,Polytechnic
2007,2150,Applied Arts,F,Polytechnic
2007,374,Humanities & Social Sciences,F,Polytechnic
2007,989,Mass Communication & Information Science,F,Polytechnic
2007,8400,Business & Administration,F,Polytechnic
2007,238,Legal Studies,F,Polytechnic
2007,2076,Science & Related Technologies,F,Polytechnic
2007,4714,Health Sciences,F,Polytechnic
2007,5216,Information Technology,F,Polytechnic
2007,972,Architecture & Building,F,Polytechnic
2007,6435,Engineering Sciences,F,Polytechnic
2007,271,Services,F,Polytechnic
2007,50563,Total,MF,University
2007,1025,Education,MF,University
2007,711,Applied Arts,MF,University
2007,8085,Humanities & Social Sciences,MF,University
2007,693,Mass Communication,MF,University
2007,3074,Accountancy,MF,University
2007,5675,Business & Administration,MF,University
2007,1004,Law,MF,University
2007,6168,"Natural, Physical & Mathematical Sciences",MF,University
2007,1207,Medicine,MF,University
2007,154,Dentistry,MF,University
2007,745,Health Sciences,MF,University
2007,2338,Information Technology,MF,University
2007,1545,Architecture & Building,MF,University
2007,17893,Engineering Sciences,MF,University
2007,246,Services,MF,University
2007,70983,Total,MF,Polytechnic
2007,548,Education,MF,Polytechnic
2007,3733,Applied Arts,MF,Polytechnic
2007,569,Humanities & Social Sciences,MF,Polytechnic
2007,1428,Mass Communication & Information Science,MF,Polytechnic
2007,13005,Business & Administration,MF,Polytechnic
2007,369,Legal Studies,MF,Polytechnic
2007,3563,Science & Related Technologies,MF,Polytechnic
2007,5993,Health Sciences,MF,Polytechnic
2007,12279,Information Technology,MF,Polytechnic
2007,1696,Architecture & Building,MF,Polytechnic
2007,26935,Engineering Sciences,MF,Polytechnic
2007,865,Services,MF,Polytechnic
2008,26063,Males Total,M,University
2008,301,Education,M,University
2008,342,Applied Arts,M,University
2008,2701,Humanities & Social Sciences,M,University
2008,145,Mass Communication,M,University
2008,1229,Accountancy,M,University
2008,2425,Business & Administration,M,University
2008,494,Law,M,University
2008,2592,"Natural, Physical & Mathematical Sciences",M,University
2008,670,Medicine,M,University
2008,70,Dentistry,M,University
2008,176,Health Sciences,M,University
2008,1775,Information Technology,M,University
2008,600,Architecture & Building,M,University
2008,12447,Engineering Sciences,M,University
2008,96,Services,M,University
2008,26535,Females Total,F,University
2008,1174,Education,F,University
2008,503,Applied Arts,F,University
2008,6058,Humanities & Social Sciences,F,University
2008,543,Mass Communication,F,University
2008,1910,Accountancy,F,University
2008,3423,Business & Administration,F,University
2008,649,Law,F,University
2008,4227,"Natural, Physical & Mathematical Sciences",F,University
2008,567,Medicine,F,University
2008,93,Dentistry,F,University
2008,711,Health Sciences,F,University
2008,804,Information Technology,F,University
2008,973,Architecture & Building,F,University
2008,4743,Engineering Sciences,F,University
2008,157,Services,F,University
2008,40583,Males Total,M,Polytechnic
2008,18,Education,M,Polytechnic
2008,1831,Applied Arts,M,Polytechnic
2008,340,Humanities & Social Sciences,M,Polytechnic
2008,485,Mass Communication & Information Science,M,Polytechnic
2008,5672,Business & Administration,M,Polytechnic
2008,137,Legal Studies,M,Polytechnic
2008,1504,Science & Related Technologies,M,Polytechnic
2008,1433,Health Sciences,M,Polytechnic
2008,7054,Information Technology,M,Polytechnic
2008,792,Architecture & Building,M,Polytechnic
2008,20670,Engineering Sciences,M,Polytechnic
2008,647,Services,M,Polytechnic
2008,34179,Females Total,F,Polytechnic
2008,529,Education,F,Polytechnic
2008,2386,Applied Arts,F,Polytechnic
2008,572,Humanities & Social Sciences,F,Polytechnic
2008,1036,Mass Communication & Information Science,F,Polytechnic
2008,9465,Business & Administration,F,Polytechnic
2008,233,Legal Studies,F,Polytechnic
2008,2207,Science & Related Technologies,F,Polytechnic
2008,5087,Health Sciences,F,Polytechnic
2008,5024,Information Technology,F,Polytechnic
2008,982,Architecture & Building,F,Polytechnic
2008,6341,Engineering Sciences,F,Polytechnic
2008,317,Services,F,Polytechnic
2008,52598,Total,MF,University
2008,1475,Education,MF,University
2008,845,Applied Arts,MF,University
2008,8759,Humanities & Social Sciences,MF,University
2008,688,Mass Communication,MF,University
2008,3139,Accountancy,MF,University
2008,5848,Business & Administration,MF,University
2008,1143,Law,MF,University
2008,6819,"Natural, Physical & Mathematical Sciences",MF,University
2008,1237,Medicine,MF,University
2008,163,Dentistry,MF,University
2008,887,Health Sciences,MF,University
2008,2579,Information Technology,MF,University
2008,1573,Architecture & Building,MF,University
2008,17190,Engineering Sciences,MF,University
2008,253,Services,MF,University
2008,74762,Total,MF,Polytechnic
2008,547,Education,MF,Polytechnic
2008,4217,Applied Arts,MF,Polytechnic
2008,912,Humanities & Social Sciences,MF,Polytechnic
2008,1521,Mass Communication & Information Science,MF,Polytechnic
2008,15137,Business & Administration,MF,Polytechnic
2008,370,Legal Studies,MF,Polytechnic
2008,3711,Science & Related Technologies,MF,Polytechnic
2008,6520,Health Sciences,MF,Polytechnic
2008,12078,Information Technology,MF,Polytechnic
2008,1774,Architecture & Building,MF,Polytechnic
2008,27011,Engineering Sciences,MF,Polytechnic
2008,964,Services,MF,Polytechnic
2009,27532,Males Total,M,University
2009,406,Education,M,University
2009,408,Applied Arts,M,University
2009,2993,Humanities & Social Sciences,M,University
2009,176,Mass Communication,M,University
2009,1323,Accountancy,M,University
2009,2529,Business & Administration,M,University
2009,610,Law,M,University
2009,2917,"Natural, Physical & Mathematical Sciences",M,University
2009,682,Medicine,M,University
2009,77,Dentistry,M,University
2009,242,Health Sciences,M,University
2009,1966,Information Technology,M,University
2009,639,Architecture & Building,M,University
2009,12461,Engineering Sciences,M,University
2009,103,Services,M,University
2009,27826,Females Total,F,University
2009,1329,Education,F,University
2009,549,Applied Arts,F,University
2009,6463,Humanities & Social Sciences,F,University
2009,516,Mass Communication,F,University
2009,1871,Accountancy,F,University
2009,3457,Business & Administration,F,University
2009,711,Law,F,University
2009,4457,"Natural, Physical & Mathematical Sciences",F,University
2009,596,Medicine,F,University
2009,103,Dentistry,F,University
2009,800,Health Sciences,F,University
2009,920,Information Technology,F,University
2009,1032,Architecture & Building,F,University
2009,4862,Engineering Sciences,F,University
2009,160,Services,F,University
2009,42030,Males Total,M,Polytechnic
2009,29,Education,M,Polytechnic
2009,2093,Applied Arts,M,Polytechnic
2009,469,Humanities & Social Sciences,M,Polytechnic
2009,526,Mass Communication & Information Science,M,Polytechnic
2009,6471,Business & Administration,M,Polytechnic
2009,133,Legal Studies,M,Polytechnic
2009,1535,Science & Related Technologies,M,Polytechnic
2009,1645,Health Sciences,M,Polytechnic
2009,6932,Information Technology,M,Polytechnic
2009,828,Architecture & Building,M,Polytechnic
2009,20706,Engineering Sciences,M,Polytechnic
2009,663,Services,M,Polytechnic
2009,36424,Females Total,F,Polytechnic
2009,600,Education,F,Polytechnic
2009,2716,Applied Arts,F,Polytechnic
2009,743,Humanities & Social Sciences,F,Polytechnic
2009,1131,Mass Communication & Information Science,F,Polytechnic
2009,10468,Business & Administration,F,Polytechnic
2009,238,Legal Studies,F,Polytechnic
2009,2397,Science & Related Technologies,F,Polytechnic
2009,5549,Health Sciences,F,Polytechnic
2009,5100,Information Technology,F,Polytechnic
2009,991,Architecture & Building,F,Polytechnic
2009,6139,Engineering Sciences,F,Polytechnic
2009,352,Services,F,Polytechnic
2009,55358,Total,MF,University
2009,1735,Education,MF,University
2009,957,Applied Arts,MF,University
2009,9456,Humanities & Social Sciences,MF,University
2009,692,Mass Communication,MF,University
2009,3194,Accountancy,MF,University
2009,5986,Business & Administration,MF,University
2009,1321,Law,MF,University
2009,7374,"Natural, Physical & Mathematical Sciences",MF,University
2009,1278,Medicine,MF,University
2009,180,Dentistry,MF,University
2009,1042,Health Sciences,MF,University
2009,2886,Information Technology,MF,University
2009,1671,Architecture & Building,MF,University
2009,17323,Engineering Sciences,MF,University
2009,263,Services,MF,University
2009,78454,Total,MF,Polytechnic
2009,629,Education,MF,Polytechnic
2009,4809,Applied Arts,MF,Polytechnic
2009,1212,Humanities & Social Sciences,MF,Polytechnic
2009,1657,Mass Communication & Information Science,MF,Polytechnic
2009,16939,Business & Administration,MF,Polytechnic
2009,371,Legal Studies,MF,Polytechnic
2009,3932,Science & Related Technologies,MF,Polytechnic
2009,7194,Health Sciences,MF,Polytechnic
2009,12032,Information Technology,MF,Polytechnic
2009,1819,Architecture & Building,MF,Polytechnic
2009,26845,Engineering Sciences,MF,Polytechnic
2009,1015,Services,MF,Polytechnic
2010,28375,Males Total,M,University
2010,465,Education,M,University
2010,469,Applied Arts,M,University
2010,3121,Humanities & Social Sciences,M,University
2010,185,Mass Communication,M,University
2010,1321,Accountancy,M,University
2010,2688,Business & Administration,M,University
2010,640,Law,M,University
2010,3159,"Natural, Physical & Mathematical Sciences",M,University
2010,685,Medicine,M,University
2010,76,Dentistry,M,University
2010,281,Health Sciences,M,University
2010,2178,Information Technology,M,University
2010,669,Architecture & Building,M,University
2010,12326,Engineering Sciences,M,University
2010,112,Services,M,University
2010,28742,Females Total,F,University
2010,1376,Education,F,University
2010,607,Applied Arts,F,University
2010,6573,Humanities & Social Sciences,F,University
2010,490,Mass Communication,F,University
2010,1882,Accountancy,F,University
2010,3738,Business & Administration,F,University
2010,783,Law,F,University
2010,4481,"Natural, Physical & Mathematical Sciences",F,University
2010,620,Medicine,F,University
2010,108,Dentistry,F,University
2010,783,Health Sciences,F,University
2010,1029,Information Technology,F,University
2010,1117,Architecture & Building,F,University
2010,4968,Engineering Sciences,F,University
2010,187,Services,F,University
2010,42960,Males Total,M,Polytechnic
2010,36,Education,M,Polytechnic
2010,2387,Applied Arts,M,Polytechnic
2010,625,Humanities & Social Sciences,M,Polytechnic
2010,516,Mass Communication & Information Science,M,Polytechnic
2010,6931,Business & Administration,M,Polytechnic
2010,156,Legal Studies,M,Polytechnic
2010,1605,Science & Related Technologies,M,Polytechnic
2010,1869,Health Sciences,M,Polytechnic
2010,6758,Information Technology,M,Polytechnic
2010,951,Architecture & Building,M,Polytechnic
2010,20486,Engineering Sciences,M,Polytechnic
2010,640,Services,M,Polytechnic
2010,37940,Females Total,F,Polytechnic
2010,737,Education,F,Polytechnic
2010,3054,Applied Arts,F,Polytechnic
2010,850,Humanities & Social Sciences,F,Polytechnic
2010,1215,Mass Communication & Information Science,F,Polytechnic
2010,11055,Business & Administration,F,Polytechnic
2010,245,Legal Studies,F,Polytechnic
2010,2647,Science & Related Technologies,F,Polytechnic
2010,5860,Health Sciences,F,Polytechnic
2010,5002,Information Technology,F,Polytechnic
2010,1067,Architecture & Building,F,Polytechnic
2010,5846,Engineering Sciences,F,Polytechnic
2010,362,Services,F,Polytechnic
2010,57117,Total,MF,University
2010,1841,Education,MF,University
2010,1076,Applied Arts,MF,University
2010,9694,Humanities & Social Sciences,MF,University
2010,675,Mass Communication,MF,University
2010,3203,Accountancy,MF,University
2010,6426,Business & Administration,MF,University
2010,1423,Law,MF,University
2010,7640,"Natural, Physical & Mathematical Sciences",MF,University
2010,1305,Medicine,MF,University
2010,184,Dentistry,MF,University
2010,1064,Health Sciences,MF,University
2010,3207,Information Technology,MF,University
2010,1786,Architecture & Building,MF,University
2010,17294,Engineering Sciences,MF,University
2010,299,Services,MF,University
2010,80900,Total,MF,Polytechnic
2010,773,Education,MF,Polytechnic
2010,5441,Applied Arts,MF,Polytechnic
2010,1475,Humanities & Social Sciences,MF,Polytechnic
2010,1731,Mass Communication & Information Science,MF,Polytechnic
2010,17986,Business & Administration,MF,Polytechnic
2010,401,Legal Studies,MF,Polytechnic
2010,4252,Science & Related Technologies,MF,Polytechnic
2010,7729,Health Sciences,MF,Polytechnic
2010,11760,Information Technology,MF,Polytechnic
2010,2018,Architecture & Building,MF,Polytechnic
2010,26332,Engineering Sciences,MF,Polytechnic
2010,1002,Services,MF,Polytechnic
2011,29500,Males Total,M,University
2011,468,Education,M,University
2011,539,Applied Arts,M,University
2011,3242,Humanities & Social Sciences,M,University
2011,183,Mass Communication,M,University
2011,1627,Accountancy,M,University
2011,2543,Business & Administration,M,University
2011,706,Law,M,University
2011,3340,"Natural, Physical & Mathematical Sciences",M,University
2011,681,Medicine,M,University
2011,79,Dentistry,M,University
2011,319,Health Sciences,M,University
2011,2465,Information Technology,M,University
2011,694,Architecture & Building,M,University
2011,12362,Engineering Sciences,M,University
2011,252,Services,M,University
2011,29209,Females Total,F,University
2011,1369,Education,F,University
2011,640,Applied Arts,F,University
2011,6447,Humanities & Social Sciences,F,University
2011,490,Mass Communication,F,University
2011,2244,Accountancy,F,University
2011,3237,Business & Administration,F,University
2011,742,Law,F,University
2011,4482,"Natural, Physical & Mathematical Sciences",F,University
2011,647,Medicine,F,University
2011,111,Dentistry,F,University
2011,820,Health Sciences,F,University
2011,1178,Information Technology,F,University
2011,1163,Architecture & Building,F,University
2011,5064,Engineering Sciences,F,University
2011,575,Services,F,University
2011,43427,Males Total,M,Polytechnic
2011,50,Education,M,Polytechnic
2011,2503,Applied Arts,M,Polytechnic
2011,843,Humanities & Social Sciences,M,Polytechnic
2011,523,Mass Communication & Information Science,M,Polytechnic
2011,6822,Business & Administration,M,Polytechnic
2011,176,Legal Studies,M,Polytechnic
2011,1774,Science & Related Technologies,M,Polytechnic
2011,1868,Health Sciences,M,Polytechnic
2011,6880,Information Technology,M,Polytechnic
2011,817,Architecture & Building,M,Polytechnic
2011,20450,Engineering Sciences,M,Polytechnic
2011,721,Services,M,Polytechnic
2011,38508,Females Total,F,Polytechnic
2011,815,Education,F,Polytechnic
2011,3104,Applied Arts,F,Polytechnic
2011,1109,Humanities & Social Sciences,F,Polytechnic
2011,1283,Mass Communication & Information Science,F,Polytechnic
2011,11007,Business & Administration,F,Polytechnic
2011,276,Legal Studies,F,Polytechnic
2011,2846,Science & Related Technologies,F,Polytechnic
2011,5879,Health Sciences,F,Polytechnic
2011,4963,Information Technology,F,Polytechnic
2011,1063,Architecture & Building,F,Polytechnic
2011,5722,Engineering Sciences,F,Polytechnic
2011,441,Services,F,Polytechnic
2011,58709,Total,MF,University
2011,1837,Education,MF,University
2011,1179,Applied Arts,MF,University
2011,9689,Humanities & Social Sciences,MF,University
2011,673,Mass Communication,MF,University
2011,3871,Accountancy,MF,University
2011,5780,Business & Administration,MF,University
2011,1448,Law,MF,University
2011,7822,"Natural, Physical & Mathematical Sciences",MF,University
2011,1328,Medicine,MF,University
2011,190,Dentistry,MF,University
2011,1139,Health Sciences,MF,University
2011,3643,Information Technology,MF,University
2011,1857,Architecture & Building,MF,University
2011,17426,Engineering Sciences,MF,University
2011,827,Services,MF,University
2011,81935,Total,MF,Polytechnic
2011,865,Education,MF,Polytechnic
2011,5607,Applied Arts,MF,Polytechnic
2011,1952,Humanities & Social Sciences,MF,Polytechnic
2011,1806,Mass Communication & Information Science,MF,Polytechnic
2011,17829,Business & Administration,MF,Polytechnic
2011,452,Legal Studies,MF,Polytechnic
2011,4620,Science & Related Technologies,MF,Polytechnic
2011,7747,Health Sciences,MF,Polytechnic
2011,11843,Information Technology,MF,Polytechnic
2011,1880,Architecture & Building,MF,Polytechnic
2011,26172,Engineering Sciences,MF,Polytechnic
2011,1162,Services,MF,Polytechnic
2012,30447,Males Total,M,University
2012,420,Education,M,University
2012,586,Applied Arts,M,University
2012,3327,Humanities & Social Sciences,M,University
2012,184,Mass Communication,M,University
2012,1685,Accountancy,M,University
2012,2705,Business & Administration,M,University
2012,757,Law,M,University
2012,3258,"Natural, Physical & Mathematical Sciences",M,University
2012,695,Medicine,M,University
2012,81,Dentistry,M,University
2012,345,Health Sciences,M,University
2012,2617,Information Technology,M,University
2012,710,Architecture & Building,M,University
2012,12732,Engineering Sciences,M,University
2012,345,Services,M,University
2012,30309,Females Total,F,University
2012,1189,Education,F,University
2012,761,Applied Arts,F,University
2012,6760,Humanities & Social Sciences,F,University
2012,494,Mass Communication,F,University
2012,2316,Accountancy,F,University
2012,3368,Business & Administration,F,University
2012,717,Law,F,University
2012,4625,"Natural, Physical & Mathematical Sciences",F,University
2012,679,Medicine,F,University
2012,120,Dentistry,F,University
2012,948,Health Sciences,F,University
2012,1236,Information Technology,F,University
2012,1119,Architecture & Building,F,University
2012,5275,Engineering Sciences,F,University
2012,702,Services,F,University
2012,44092,Males Total,M,Polytechnic
2012,54,Education,M,Polytechnic
2012,2637,Applied Arts,M,Polytechnic
2012,966,Humanities & Social Sciences,M,Polytechnic
2012,513,Mass Communication & Information Science,M,Polytechnic
2012,6906,Business & Administration,M,Polytechnic
2012,211,Legal Studies,M,Polytechnic
2012,1764,Science & Related Technologies,M,Polytechnic
2012,1880,Health Sciences,M,Polytechnic
2012,7048,Information Technology,M,Polytechnic
2012,903,Architecture & Building,M,Polytechnic
2012,20252,Engineering Sciences,M,Polytechnic
2012,958,Services,M,Polytechnic
2012,38773,Females Total,F,Polytechnic
2012,886,Education,F,Polytechnic
2012,3346,Applied Arts,F,Polytechnic
2012,1248,Humanities & Social Sciences,F,Polytechnic
2012,1182,Mass Communication & Information Science,F,Polytechnic
2012,11139,Business & Administration,F,Polytechnic
2012,340,Legal Studies,F,Polytechnic
2012,2971,Science & Related Technologies,F,Polytechnic
2012,5621,Health Sciences,F,Polytechnic
2012,4823,Information Technology,F,Polytechnic
2012,1185,Architecture & Building,F,Polytechnic
2012,5472,Engineering Sciences,F,Polytechnic
2012,560,Services,F,Polytechnic
2012,60756,Total,MF,University
2012,1609,Education,MF,University
2012,1347,Applied Arts,MF,University
2012,10087,Humanities & Social Sciences,MF,University
2012,678,Mass Communication,MF,University
2012,4001,Accountancy,MF,University
2012,6073,Business & Administration,MF,University
2012,1474,Law,MF,University
2012,7883,"Natural, Physical & Mathematical Sciences",MF,University
2012,1374,Medicine,MF,University
2012,201,Dentistry,MF,University
2012,1293,Health Sciences,MF,University
2012,3853,Information Technology,MF,University
2012,1829,Architecture & Building,MF,University
2012,18007,Engineering Sciences,MF,University
2012,1047,Services,MF,University
2012,82865,Total,MF,Polytechnic
2012,940,Education,MF,Polytechnic
2012,5983,Applied Arts,MF,Polytechnic
2012,2214,Humanities & Social Sciences,MF,Polytechnic
2012,1695,Mass Communication & Information Science,MF,Polytechnic
2012,18045,Business & Administration,MF,Polytechnic
2012,551,Legal Studies,MF,Polytechnic
2012,4735,Science & Related Technologies,MF,Polytechnic
2012,7501,Health Sciences,MF,Polytechnic
2012,11871,Information Technology,MF,Polytechnic
2012,2088,Architecture & Building,MF,Polytechnic
2012,25724,Engineering Sciences,MF,Polytechnic
2012,1518,Services,MF,Polytechnic
2013,30863,Males Total,M,University
2013,317,Education,M,University
2013,628,Applied Arts,M,University
2013,3550,Humanities & Social Sciences,M,University
2013,173,Mass Communication,M,University
2013,1768,Accountancy,M,University
2013,2782,Business & Administration,M,University
2013,755,Law,M,University
2013,3140,"Natural, Physical & Mathematical Sciences",M,University
2013,725,Medicine,M,University
2013,83,Dentistry,M,University
2013,387,Health Sciences,M,University
2013,2737,Information Technology,M,University
2013,760,Architecture & Building,M,University
2013,12687,Engineering Sciences,M,University
2013,371,Services,M,University
2013,30943,Females Total,F,University
2013,1021,Education,F,University
2013,864,Applied Arts,F,University
2013,7095,Humanities & Social Sciences,F,University
2013,529,Mass Communication,F,University
2013,2274,Accountancy,F,University
2013,3406,Business & Administration,F,University
2013,736,Law,F,University
2013,4715,"Natural, Physical & Mathematical Sciences",F,University
2013,744,Medicine,F,University
2013,124,Dentistry,F,University
2013,1054,Health Sciences,F,University
2013,1321,Information Technology,F,University
2013,1123,Architecture & Building,F,University
2013,5386,Engineering Sciences,F,University
2013,551,Services,F,University
2013,45299,Males Total,M,Polytechnic
2013,79,Education,M,Polytechnic
2013,2546,Applied Arts,M,Polytechnic
2013,1053,Humanities & Social Sciences,M,Polytechnic
2013,522,Mass Communication & Information Science,M,Polytechnic
2013,7440,Business & Administration,M,Polytechnic
2013,221,Legal Studies,M,Polytechnic
2013,1818,Science & Related Technologies,M,Polytechnic
2013,1812,Health Sciences,M,Polytechnic
2013,7263,Information Technology,M,Polytechnic
2013,986,Architecture & Building,M,Polytechnic
2013,20426,Engineering Sciences,M,Polytechnic
2013,1133,Services,M,Polytechnic
2013,39541,Females Total,F,Polytechnic
2013,966,Education,F,Polytechnic
2013,3389,Applied Arts,F,Polytechnic
2013,1284,Humanities & Social Sciences,F,Polytechnic
2013,1328,Mass Communication & Information Science,F,Polytechnic
2013,11881,Business & Administration,F,Polytechnic
2013,331,Legal Studies,F,Polytechnic
2013,2990,Science & Related Technologies,F,Polytechnic
2013,5468,Health Sciences,F,Polytechnic
2013,4541,Information Technology,F,Polytechnic
2013,1310,Architecture & Building,F,Polytechnic
2013,5385,Engineering Sciences,F,Polytechnic
2013,668,Services,F,Polytechnic
2013,61806,Total,MF,University
2013,1338,Education,MF,University
2013,1492,Applied Arts,MF,University
2013,10645,Humanities & Social Sciences,MF,University
2013,702,Mass Communication,MF,University
2013,4042,Accountancy,MF,University
2013,6188,Business & Administration,MF,University
2013,1491,Law,MF,University
2013,7855,"Natural, Physical & Mathematical Sciences",MF,University
2013,1469,Medicine,MF,University
2013,207,Dentistry,MF,University
2013,1441,Health Sciences,MF,University
2013,4058,Information Technology,MF,University
2013,1883,Architecture & Building,MF,University
2013,18073,Engineering Sciences,MF,University
2013,922,Services,MF,University
2013,84840,Total,MF,Polytechnic
2013,1045,Education,MF,Polytechnic
2013,5935,Applied Arts,MF,Polytechnic
2013,2337,Humanities & Social Sciences,MF,Polytechnic
2013,1850,Mass Communication & Information Science,MF,Polytechnic
2013,19321,Business & Administration,MF,Polytechnic
2013,552,Legal Studies,MF,Polytechnic
2013,4808,Science & Related Technologies,MF,Polytechnic
2013,7280,Health Sciences,MF,Polytechnic
2013,11804,Information Technology,MF,Polytechnic
2013,2296,Architecture & Building,MF,Polytechnic
2013,25811,Engineering Sciences,MF,Polytechnic
2013,1801,Services,MF,Polytechnic
2014,31800,Males Total,M,University
2014,258,Education,M,University
2014,641,Applied Arts,M,University
2014,3756,Humanities & Social Sciences,M,University
2014,174,Mass Communication,M,University
2014,1912,Accountancy,M,University
2014,2980,Business & Administration,M,University
2014,799,Law,M,University
2014,3223,"Natural, Physical & Mathematical Sciences",M,University
2014,784,Medicine,M,University
2014,84,Dentistry,M,University
2014,422,Health Sciences,M,University
2014,2809,Information Technology,M,University
2014,777,Architecture & Building,M,University
2014,12895,Engineering Sciences,M,University
2014,286,Services,M,University
2014,32063,Females Total,F,University
2014,845,Education,F,University
2014,937,Applied Arts,F,University
2014,7535,Humanities & Social Sciences,F,University
2014,555,Mass Communication,F,University
2014,2456,Accountancy,F,University
2014,3597,Business & Administration,F,University
2014,715,Law,F,University
2014,4922,"Natural, Physical & Mathematical Sciences",F,University
2014,801,Medicine,F,University
2014,132,Dentistry,F,University
2014,1076,Health Sciences,F,University
2014,1343,Information Technology,F,University
2014,1213,Architecture & Building,F,University
2014,5543,Engineering Sciences,F,University
2014,393,Services,F,University
2014,44893,Males Total,M,Polytechnic
2014,69,Education,M,Polytechnic
2014,2685,Applied Arts,M,Polytechnic
2014,1092,Humanities & Social Sciences,M,Polytechnic
2014,519,Mass Communication & Information Science,M,Polytechnic
2014,7414,Business & Administration,M,Polytechnic
2014,223,Legal Studies,M,Polytechnic
2014,1852,Science & Related Technologies,M,Polytechnic
2014,1830,Health Sciences,M,Polytechnic
2014,7085,Information Technology,M,Polytechnic
2014,1010,Architecture & Building,M,Polytechnic
2014,19405,Engineering Sciences,M,Polytechnic
2014,1709,Services,M,Polytechnic
2014,39407,Females Total,F,Polytechnic
2014,960,Education,F,Polytechnic
2014,3448,Applied Arts,F,Polytechnic
2014,1307,Humanities & Social Sciences,F,Polytechnic
2014,1413,Mass Communication & Information Science,F,Polytechnic
2014,12267,Business & Administration,F,Polytechnic
2014,312,Legal Studies,F,Polytechnic
2014,3046,Science & Related Technologies,F,Polytechnic
2014,5219,Health Sciences,F,Polytechnic
2014,4226,Information Technology,F,Polytechnic
2014,1329,Architecture & Building,F,Polytechnic
2014,4920,Engineering Sciences,F,Polytechnic
2014,960,Services,F,Polytechnic
2014,63863,Total,MF,University
2014,1103,Education,MF,University
2014,1578,Applied Arts,MF,University
2014,11291,Humanities & Social Sciences,MF,University
2014,729,Mass Communication,MF,University
2014,4368,Accountancy,MF,University
2014,6577,Business & Administration,MF,University
2014,1514,Law,MF,University
2014,8145,"Natural, Physical & Mathematical Sciences",MF,University
2014,1585,Medicine,MF,University
2014,216,Dentistry,MF,University
2014,1498,Health Sciences,MF,University
2014,4152,Information Technology,MF,University
2014,1990,Architecture & Building,MF,University
2014,18438,Engineering Sciences,MF,University
2014,679,Services,MF,University
2014,84300,Total,MF,Polytechnic
2014,1029,Education,MF,Polytechnic
2014,6133,Applied Arts,MF,Polytechnic
2014,2399,Humanities & Social Sciences,MF,Polytechnic
2014,1932,Mass Communication & Information Science,MF,Polytechnic
2014,19681,Business & Administration,MF,Polytechnic
2014,535,Legal Studies,MF,Polytechnic
2014,4898,Science & Related Technologies,MF,Polytechnic
2014,7049,Health Sciences,MF,Polytechnic
2014,11311,Information Technology,MF,Polytechnic
2014,2339,Architecture & Building,MF,Polytechnic
2014,24325,Engineering Sciences,MF,Polytechnic
2014,2669,Services,MF,Polytechnic
2015,32702,Males Total,M,University
2015,207,Education,M,University
2015,665,Applied Arts,M,University
2015,3861,Humanities & Social Sciences,M,University
2015,174,Mass Communication,M,University
2015,2039,Accountancy,M,University
2015,3111,Business & Administration,M,University
2015,844,Law,M,University
2015,3237,"Natural, Physical & Mathematical Sciences",M,University
2015,860,Medicine,M,University
2015,85,Dentistry,M,University
2015,441,Health Sciences,M,University
2015,3071,Information Technology,M,University
2015,784,Architecture & Building,M,University
2015,12971,Engineering Sciences,M,University
2015,352,Services,M,University
2015,33412,Females Total,F,University
2015,771,Education,F,University
2015,934,Applied Arts,F,University
2015,8054,Humanities & Social Sciences,F,University
2015,602,Mass Communication,F,University
2015,2684,Accountancy,F,University
2015,4027,Business & Administration,F,University
2015,706,Law,F,University
2015,4989,"Natural, Physical & Mathematical Sciences",F,University
2015,859,Medicine,F,University
2015,134,Dentistry,F,University
2015,1126,Health Sciences,F,University
2015,1504,Information Technology,F,University
2015,1189,Architecture & Building,F,University
2015,5460,Engineering Sciences,F,University
2015,373,Services,F,University
2015,43235,Males Total,M,Polytechnic
2015,71,Education,M,Polytechnic
2015,2287,Applied Arts,M,Polytechnic
2015,274,Humanities & Social Sciences,M,Polytechnic
2015,537,Mass Communication & Information Science,M,Polytechnic
2015,6624,Business & Administration,M,Polytechnic
2015,218,Legal Studies,M,Polytechnic
2015,1823,Science & Related Technologies,M,Polytechnic
2015,2203,Health Sciences,M,Polytechnic
2015,6503,Information Technology,M,Polytechnic
2015,934,Architecture & Building,M,Polytechnic
2015,19234,Engineering Sciences,M,Polytechnic
2015,2527,Services,M,Polytechnic
2015,38518,Females Total,F,Polytechnic
2015,1067,Education,F,Polytechnic
2015,3186,Applied Arts,F,Polytechnic
2015,773,Humanities & Social Sciences,F,Polytechnic
2015,1496,Mass Communication & Information Science,F,Polytechnic
2015,10968,Business & Administration,F,Polytechnic
2015,312,Legal Studies,F,Polytechnic
2015,2881,Science & Related Technologies,F,Polytechnic
2015,5803,Health Sciences,F,Polytechnic
2015,3644,Information Technology,F,Polytechnic
2015,1283,Architecture & Building,F,Polytechnic
2015,5253,Engineering Sciences,F,Polytechnic
2015,1852,Services,F,Polytechnic
2015,66114,Total,MF,University
2015,978,Education,MF,University
2015,1599,Applied Arts,MF,University
2015,11915,Humanities & Social Sciences,MF,University
2015,776,Mass Communication,MF,University
2015,4723,Accountancy,MF,University
2015,7138,Business & Administration,MF,University
2015,1550,Law,MF,University
2015,8226,"Natural, Physical & Mathematical Sciences",MF,University
2015,1719,Medicine,MF,University
2015,219,Dentistry,MF,University
2015,1567,Health Sciences,MF,University
2015,4575,Information Technology,MF,University
2015,1973,Architecture & Building,MF,University
2015,18431,Engineering Sciences,MF,University
2015,725,Services,MF,University
2015,81753,Total,MF,Polytechnic
2015,1138,Education,MF,Polytechnic
2015,5473,Applied Arts,MF,Polytechnic
2015,1047,Humanities & Social Sciences,MF,Polytechnic
2015,2033,Mass Communication & Information Science,MF,Polytechnic
2015,17592,Business & Administration,MF,Polytechnic
2015,530,Legal Studies,MF,Polytechnic
2015,4704,Science & Related Technologies,MF,Polytechnic
2015,8006,Health Sciences,MF,Polytechnic
2015,10147,Information Technology,MF,Polytechnic
2015,2217,Architecture & Building,MF,Polytechnic
2015,24487,Engineering Sciences,MF,Polytechnic
2015,4379,Services,MF,Polytechnic
2016,34010,Males Total,M,University
2016,169,Education,M,University
2016,670,Applied Arts,M,University
2016,4046,Humanities & Social Sciences,M,University
2016,178,Mass Communication,M,University
2016,2181,Accountancy,M,University
2016,3284,Business & Administration,M,University
2016,853,Law,M,University
2016,3300,"Natural, Physical & Mathematical Sciences",M,University
2016,933,Medicine,M,University
2016,75,Dentistry,M,University
2016,525,Health Sciences,M,University
2016,3352,Information Technology,M,University
2016,775,Architecture & Building,M,University
2016,13314,Engineering Sciences,M,University
2016,355,Services,M,University
2016,34266,Females Total,F,University
2016,583,Education,F,University
2016,958,Applied Arts,F,University
2016,8449,Humanities & Social Sciences,F,University
2016,596,Mass Communication,F,University
2016,2909,Accountancy,F,University
2016,4230,Business & Administration,F,University
2016,740,Law,F,University
2016,4967,"Natural, Physical & Mathematical Sciences",F,University
2016,912,Medicine,F,University
2016,145,Dentistry,F,University
2016,1335,Health Sciences,F,University
2016,1513,Information Technology,F,University
2016,1205,Architecture & Building,F,University
2016,5342,Engineering Sciences,F,University
2016,382,Services,F,University
2016,41287,Males Total,M,Polytechnic
2016,75,Education,M,Polytechnic
2016,2172,Applied Arts,M,Polytechnic
2016,262,Humanities & Social Sciences,M,Polytechnic
2016,484,Mass Communication & Information Science,M,Polytechnic
2016,6284,Business & Administration,M,Polytechnic
2016,203,Legal Studies,M,Polytechnic
2016,1773,Science & Related Technologies,M,Polytechnic
2016,2102,Health Sciences,M,Polytechnic
2016,6107,Information Technology,M,Polytechnic
2016,832,Architecture & Building,M,Polytechnic
2016,18567,Engineering Sciences,M,Polytechnic
2016,2426,Services,M,Polytechnic
2016,36841,Females Total,F,Polytechnic
2016,1407,Education,F,Polytechnic
2016,3064,Applied Arts,F,Polytechnic
2016,758,Humanities & Social Sciences,F,Polytechnic
2016,1436,Mass Communication & Information Science,F,Polytechnic
2016,10425,Business & Administration,F,Polytechnic
2016,308,Legal Studies,F,Polytechnic
2016,2723,Science & Related Technologies,F,Polytechnic
2016,5704,Health Sciences,F,Polytechnic
2016,3186,Information Technology,F,Polytechnic
2016,1207,Architecture & Building,F,Polytechnic
2016,4892,Engineering Sciences,F,Polytechnic
2016,1731,Services,F,Polytechnic
2016,68276,Total,MF,University
2016,752,Education,MF,University
2016,1628,Applied Arts,MF,University
2016,12495,Humanities & Social Sciences,MF,University
2016,774,Mass Communication,MF,University
2016,5090,Accountancy,MF,University
2016,7514,Business & Administration,MF,University
2016,1593,Law,MF,University
2016,8267,"Natural, Physical & Mathematical Sciences",MF,University
2016,1845,Medicine,MF,University
2016,220,Dentistry,MF,University
2016,1860,Health Sciences,MF,University
2016,4865,Information Technology,MF,University
2016,1980,Architecture & Building,MF,University
2016,18656,Engineering Sciences,MF,University
2016,737,Services,MF,University
2016,78128,Total,MF,Polytechnic
2016,1482,Education,MF,Polytechnic
2016,5236,Applied Arts,MF,Polytechnic
2016,1020,Humanities & Social Sciences,MF,Polytechnic
2016,1920,Mass Communication & Information Science,MF,Polytechnic
2016,16709,Business & Administration,MF,Polytechnic
2016,511,Legal Studies,MF,Polytechnic
2016,4496,Science & Related Technologies,MF,Polytechnic
2016,7806,Health Sciences,MF,Polytechnic
2016,9293,Information Technology,MF,Polytechnic
2016,2039,Architecture & Building,MF,Polytechnic
2016,23459,Engineering Sciences,MF,Polytechnic
2016,4157,Services,MF,Polytechnic
2017,41471,Males Total,M,University
2017,263,Education,M,University
2017,725,Applied Arts,M,University
2017,5155,Humanities & Social Sciences,M,University
2017,411,Mass Communication,M,University
2017,2425,Accountancy,M,University
2017,5212,Business & Administration,M,University
2017,879,Law,M,University
2017,3395,"Natural, Physical & Mathematical Sciences",M,University
2017,1016,Medicine,M,University
2017,76,Dentistry,M,University
2017,633,Health Sciences,M,University
2017,4474,Information Technology,M,University
2017,1403,Architecture & Building,M,University
2017,14631,Engineering Sciences,M,University
2017,654,Services,M,University
2017,41176,Females Total,F,University
2017,1320,Education,F,University
2017,1038,Applied Arts,F,University
2017,10603,Humanities & Social Sciences,F,University
2017,958,Mass Communication,F,University
2017,3225,Accountancy,F,University
2017,6389,Business & Administration,F,University
2017,767,Law,F,University
2017,4646,"Natural, Physical & Mathematical Sciences",F,University
2017,946,Medicine,F,University
2017,141,Dentistry,F,University
2017,1611,Health Sciences,F,University
2017,1851,Information Technology,F,University
2017,1521,Architecture & Building,F,University
2017,5508,Engineering Sciences,F,University
2017,440,Services,F,University
2017,40930,Males Total,M,Polytechnic
2017,121,Education,M,Polytechnic
2017,2163,Applied Arts,M,Polytechnic
2017,256,Humanities & Social Sciences,M,Polytechnic
2017,486,Mass Communication & Information Science,M,Polytechnic
2017,6143,Business & Administration,M,Polytechnic
2017,190,Legal Studies,M,Polytechnic
2017,1679,Science & Related Technologies,M,Polytechnic
2017,2010,Health Sciences,M,Polytechnic
2017,5946,Information Technology,M,Polytechnic
2017,1061,Architecture & Building,M,Polytechnic
2017,18525,Engineering Sciences,M,Polytechnic
2017,2350,Services,M,Polytechnic
2017,36283,Females Total,F,Polytechnic
2017,1842,Education,F,Polytechnic
2017,3128,Applied Arts,F,Polytechnic
2017,792,Humanities & Social Sciences,F,Polytechnic
2017,1368,Mass Communication & Information Science,F,Polytechnic
2017,10036,Business & Administration,F,Polytechnic
2017,290,Legal Studies,F,Polytechnic
2017,2507,Science & Related Technologies,F,Polytechnic
2017,5849,Health Sciences,F,Polytechnic
2017,2904,Information Technology,F,Polytechnic
2017,1139,Architecture & Building,F,Polytechnic
2017,4792,Engineering Sciences,F,Polytechnic
2017,1636,Services,F,Polytechnic
2017,82647,Total,MF,University
2017,1583,Education,MF,University
2017,1763,Applied Arts,MF,University
2017,15758,Humanities & Social Sciences,MF,University
2017,1369,Mass Communication,MF,University
2017,5650,Accountancy,MF,University
2017,11601,Business & Administration,MF,University
2017,1646,Law,MF,University
2017,8041,"Natural, Physical & Mathematical Sciences",MF,University
2017,1962,Medicine,MF,University
2017,217,Dentistry,MF,University
2017,2244,Health Sciences,MF,University
2017,6325,Information Technology,MF,University
2017,2924,Architecture & Building,MF,University
2017,20139,Engineering Sciences,MF,University
2017,1094,Services,MF,University
2017,77213,Total,MF,Polytechnic
2017,1963,Education,MF,Polytechnic
2017,5291,Applied Arts,MF,Polytechnic
2017,1048,Humanities & Social Sciences,MF,Polytechnic
2017,1854,Mass Communication & Information Science,MF,Polytechnic
2017,16179,Business & Administration,MF,Polytechnic
2017,480,Legal Studies,MF,Polytechnic
2017,4186,Science & Related Technologies,MF,Polytechnic
2017,7859,Health Sciences,MF,Polytechnic
2017,8850,Information Technology,MF,Polytechnic
2017,2200,Architecture & Building,MF,Polytechnic
2017,23317,Engineering Sciences,MF,Polytechnic
2017,3986,Services,MF,Polytechnic
2018,42659,Males Total,M,University
2018,230,Education,M,University
2018,698,Applied Arts,M,University
2018,5227,Humanities & Social Sciences,M,University
2018,414,Mass Communication,M,University
2018,2486,Accountancy,M,University
2018,5430,Business & Administration,M,University
2018,890,Law,M,University
2018,3329,"Natural, Physical & Mathematical Sciences",M,University
2018,1079,Medicine,M,University
2018,89,Dentistry,M,University
2018,760,Health Sciences,M,University
2018,4907,Information Technology,M,University
2018,1388,Architecture & Building,M,University
2018,14930,Engineering Sciences,M,University
2018,671,Services,M,University
2018,42307,Females Total,F,University
2018,1260,Education,F,University
2018,1034,Applied Arts,F,University
2018,10789,Humanities & Social Sciences,F,University
2018,973,Mass Communication,F,University
2018,3140,Accountancy,F,University
2018,6971,Business & Administration,F,University
2018,818,Law,F,University
2018,4231,"Natural, Physical & Mathematical Sciences",F,University
2018,966,Medicine,F,University
2018,135,Dentistry,F,University
2018,1952,Health Sciences,F,University
2018,2143,Information Technology,F,University
2018,1509,Architecture & Building,F,University
2018,5721,Engineering Sciences,F,University
2018,456,Services,F,University
2018,41480,Males Total,M,Polytechnic
2018,153,Education,M,Polytechnic
2018,2248,Applied Arts,M,Polytechnic
2018,262,Humanities & Social Sciences,M,Polytechnic
2018,497,Mass Communication & Information Science,M,Polytechnic
2018,6285,Business & Administration,M,Polytechnic
2018,184,Legal Studies,M,Polytechnic
2018,1612,Science & Related Technologies,M,Polytechnic
2018,2032,Health Sciences,M,Polytechnic
2018,6117,Information Technology,M,Polytechnic
2018,1115,Architecture & Building,M,Polytechnic
2018,18446,Engineering Sciences,M,Polytechnic
2018,2529,Services,M,Polytechnic
2018,36353,Females Total,F,Polytechnic
2018,2174,Education,F,Polytechnic
2018,3253,Applied Arts,F,Polytechnic
2018,809,Humanities & Social Sciences,F,Polytechnic
2018,1420,Mass Communication & Information Science,F,Polytechnic
2018,10004,Business & Administration,F,Polytechnic
2018,281,Legal Studies,F,Polytechnic
2018,2442,Science & Related Technologies,F,Polytechnic
2018,6032,Health Sciences,F,Polytechnic
2018,2646,Information Technology,F,Polytechnic
2018,1120,Architecture & Building,F,Polytechnic
2018,4666,Engineering Sciences,F,Polytechnic
2018,1506,Services,F,Polytechnic
2018,84966,Total,MF,University
2018,1490,Education,MF,University
2018,1732,Applied Arts,MF,University
2018,16016,Humanities & Social Sciences,MF,University
2018,1387,Mass Communication,MF,University
2018,5626,Accountancy,MF,University
2018,12401,Business & Administration,MF,University
2018,1708,Law,MF,University
2018,7560,"Natural, Physical & Mathematical Sciences",MF,University
2018,2045,Medicine,MF,University
2018,224,Dentistry,MF,University
2018,2712,Health Sciences,MF,University
2018,7050,Information Technology,MF,University
2018,2897,Architecture & Building,MF,University
2018,20651,Engineering Sciences,MF,University
2018,1127,Services,MF,University
2018,77833,Total,MF,Polytechnic
2018,2327,Education,MF,Polytechnic
2018,5501,Applied Arts,MF,Polytechnic
2018,1071,Humanities & Social Sciences,MF,Polytechnic
2018,1917,Mass Communication & Information Science,MF,Polytechnic
2018,16289,Business & Administration,MF,Polytechnic
2018,465,Legal Studies,MF,Polytechnic
2018,4054,Science & Related Technologies,MF,Polytechnic
2018,8064,Health Sciences,MF,Polytechnic
2018,8763,Information Technology,MF,Polytechnic
2018,2235,Architecture & Building,MF,Polytechnic
2018,23112,Engineering Sciences,MF,Polytechnic
2018,4035,Services,MF,Polytechnic
