Year,University,School,Degree,Hons,Overall_Employment_Rate,Full-Time_Employment_Rate,Gross_Monthly_Mean,Gross_Monthly_Median,Gross_Monthly_25th_Percentile,Gross_Monthly_75th_Percentile
2013,Nanyang Technological University,Business,Accountancy and Business,No,97.4,96.1,3727,3350,2900,4000
2013,Nanyang Technological University,Business,Accountancy,No,97.1,95.7,2938,2700,2700,2900
2013,Nanyang Technological University,Business,Business,No,90.9,85.7,3214,3000,2700,3500
2013,Nanyang Technological University,Business,Business and Computing,No,87.5,87.5,3615,3400,3000,4100
2013,Nanyang Technological University,Engineering,Aerospace Engineering,No,95.3,95.3,3536,3500,3100,3816
2013,Nanyang Technological University,Engineering,Bioengineering,No,81.3,68.8,3166,3125,2893,3365
2013,Nanyang Technological University,Engineering,Chemical and Biomolecular Engineering,No,87.3,85.1,3377,3200,3000,3800
2013,Nanyang Technological University,Engineering,Computer Engineering,No,90.3,88.2,3374,3175,3000,3600
2013,Nanyang Technological University,Engineering,Civil Engineering,No,94.8,93.8,3182,3100,3000,3380
2013,Nanyang Technological University,Engineering,Computer Science,No,92.1,88.5,3306,3125,3000,3600
2013,Nanyang Technological University,Engineering,Electrical and Electronic Engineering,No,91,88.7,3187,3100,3000,3440
2013,Nanyang Technological University,Engineering,Environmental Engineering,No,84,81.5,3140,3000,3000,3300
2013,Nanyang Technological University,Engineering,Information Engineering and Media,No,85.7,79.6,3203,3200,2950,3400
2013,Nanyang Technological University,Engineering,Materials Engineering,No,82.5,78.9,3096,3000,2800,3300
2013,Nanyang Technological University,Engineering,Mechanical Engineering,No,91.6,89.5,3226,3100,3000,3500
2013,Nanyang Technological University,Engineering,Maritime Studies,No,95.6,93.3,3111,3000,2850,3200
2013,Nanyang Technological University,Arts & Social Sciences,"Art, Design & Media",No,81.6,61.4,2638,2500,2300,2900
2013,Nanyang Technological University,Arts & Social Sciences,Chinese,No,85.1,80.5,2924,3000,2600,3300
2013,Nanyang Technological University,Arts & Social Sciences,Communication Studies,No,89.4,79.6,2956,3000,2700,3250
2013,Nanyang Technological University,Arts & Social Sciences,Economics,No,89.9,83.5,3148,3000,2800,3545
2013,Nanyang Technological University,Arts & Social Sciences,English,No,82.7,67.3,3179,3100,2800,3400
2013,Nanyang Technological University,Arts & Social Sciences,Linguistics and Multilingual Studies,No,90.6,81.3,2725,2625,2475,3018
2013,Nanyang Technological University,Arts & Social Sciences,Psychology,No,82.4,71.8,3061,3000,2750,3255
2013,Nanyang Technological University,Arts & Social Sciences,Sociology,No,74.4,55.8,3082,3100,2800,3310
2013,Nanyang Technological University,Sciences,Traditional Chinese Medicine,No,90.7,88.4,2883,2807,2700,3000
2013,Nanyang Technological University,Sciences,Biological Sciences,No,78.6,68.1,3002,3000,2700,3250
2013,Nanyang Technological University,Sciences,Chemistry & Biological Chemistry,No,79.8,68.9,3083,3100,2800,3400
2013,Nanyang Technological University,Sciences,Mathematical Science,No,86,83.7,3262,3000,2750,3500
2013,Nanyang Technological University,Sciences,Physics,No,80.8,69.2,3208,3300,2900,3400
2013,Nanyang Technological University,Sciences,Sports Science and Management,No,68.2,59.1,2985,3000,2700,3400
2013,Nanyang Technological University,National Institute of Education (NIE),Science (with Education),No,100,100,3478,3498,3300,3800
2013,Nanyang Technological University,National Institute of Education (NIE),Arts (with Education),No,100,100,3506,3498,3400,3575
2013,National University of Singapore,Arts & Social Sciences,Arts,No,84.8,70.1,2888,2800,2500,3080
2013,National University of Singapore,Arts & Social Sciences,Arts,Yes,86.6,74.6,3154,3200,2800,3500
2013,National University of Singapore,Arts & Social Sciences,Social Sciences,No,88.1,76.8,3210,3200,2800,3500
2013,National University of Singapore,Business,Business Administration,No,88.7,81.7,3062,3000,2700,3370
2013,National University of Singapore,Business,Business Administration,Yes,94.6,90.3,3512,3200,2800,3800
2013,National University of Singapore,Business,Accountancy,No,93.3,88.9,2922,2700,2700,3018
2013,National University of Singapore,Business,Accountancy,Yes,97.2,94.4,3143,2800,2700,3200
2013,National University of Singapore,Computing and Information Systems,Communications and Media,No,88.9,77.8,3377,3050,2825,3425
2013,National University of Singapore,Computing and Information Systems,Computer Science,No,92.4,83.3,3953,3425,3000,4000
2013,National University of Singapore,Computing and Information Systems,Electronic Commerce,No,88.9,83.3,3320,3080,2800,3553
2013,National University of Singapore,Computing and Information Systems,Information Systems,No,89.2,83.9,3322,3005,3000,3800
2013,National University of Singapore,Dentistry,Dental Surgery,No,100,100,4106,4000,4000,4400
2013,National University of Singapore,Design & Environment,Industrial Design,No,82.1,53.6,3023,2650,2400,3000
2013,National University of Singapore,Design & Environment,Project and Facilities Management,No,96.8,96.8,3025,3000,2800,3200
2013,National University of Singapore,Design & Environment,Real Estate,No,89.2,89.2,2988,2900,2600,3179
2013,National University of Singapore,Engineering,Bioengineering,No,74,60,3068,3000,2720,3250
2013,National University of Singapore,Engineering,Chemical Engineering,No,93.2,90,3359,3175,3000,3644
2013,National University of Singapore,Engineering,Civil Engineering,No,96.1,94.1,3154,3050,3000,3300
2013,National University of Singapore,Engineering,Computer Engineering,No,88.9,85.6,3653,3200,3000,3970
2013,National University of Singapore,Engineering,Electrical Engineering,No,88.5,88,3334,3200,3000,3600
2013,National University of Singapore,Engineering,Engineering Science,No,86.2,75.9,2960,3000,2800,3150
2013,National University of Singapore,Engineering,Environmental Engineering,No,93.8,87.5,3208,3110,3000,3500
2013,National University of Singapore,Engineering,Industrial and Systems Engineering,No,93.9,92.4,3397,3200,3000,3800
2013,National University of Singapore,Engineering,Materials Science and Engineering,No,90.9,87.9,3169,3000,3000,3260
2013,National University of Singapore,Engineering,Mechanical Engineering,No,89.1,87.2,3319,3225,3000,3500
2013,National University of Singapore,Law,Law,Yes,98.8,98.2,5099,5000,4500,5800
2013,National University of Singapore,Medicine,Medicine and Bachelor of Surgery,No,100,100,4741,4500,4500,5200
2013,National University of Singapore,Medicine,Nursing,No,97.5,97.5,2886,2950,2700,3050
2013,National University of Singapore,Medicine,Nursing,Yes,100,100,3042,3025,3000,3200
2013,National University of Singapore,Science,Applied Science,Yes,97.3,97.3,2925,2900,2600,3255
2013,National University of Singapore,Science,Science,No,80.9,65.1,2804,2800,2600,3000
2013,National University of Singapore,Science,Science,Yes,83.6,74,3217,3100,2868,3500
2013,National University of Singapore,Science,Pharmacy,Yes,96.4,96.4,3540,3500,3350,3750
2013,Singapore Management University,Accountancy,Accountancy,No,94.2,93.2,3342,2825,2700,3430
2013,Singapore Management University,Accountancy,Accountancy,Yes,95.2,95.2,3634,3000,2700,3750
2013,Singapore Management University,Business,Business Management,No,93.2,87.3,3520,3200,2800,3750
2013,Singapore Management University,Business,Business Management,Yes,95.9,93.8,3975,3580,3000,4100
2013,Singapore Management University,Economics,Economics ,No,90.6,88.6,3513,3339,3000,3800
2013,Singapore Management University,Economics,Economics,No,94,94,3820,3600,3250,4000
2013,Singapore Management University,Computing and Information Systems,Information Systems,No,93.6,89.5,3468,3300,3000,3800
2013,Singapore Management University,Computing and Information Systems,Information Systems,No,100,90.9,3862,3800,3500,4000
2013,Singapore Management University,Arts & Social Sciences,Social Sciences,No,86.5,79.8,3150,3000,2600,3320
2013,Singapore Management University,Arts & Social Sciences,Social Sciences,No,87.5,83.3,3267,3200,2800,3781
2013,Singapore Management University,Law,Law,No,100,100,5246,5000,4500,6000
2013,Singapore Management University,Law,Law,No,100,100,5617,5547,4750,6400
2014,Nanyang Technological University,Business,Accountancy and Business,No,98.2,95.6,3597,3300,2900,4000
2014,Nanyang Technological University,Business,Accountancy,No,96.6,96.1,3003,2840,2700,3000
2014,Nanyang Technological University,Business,Business,No,89.6,80.2,3318,3100,2800,3600
2014,Nanyang Technological University,Business,Business and Computing,No,92.9,89.3,3431,3450,3232,4000
2014,Nanyang Technological University,Engineering,Aerospace Engineering,No,84.6,82.7,3911,3770,3300,4070
2014,Nanyang Technological University,Engineering,Bioengineering,No,79.8,69.7,3188,3000,2825,3400
2014,Nanyang Technological University,Engineering,Chemical and Biomolecular Engineering,No,83.8,76.1,3415,3400,3200,3575
2014,Nanyang Technological University,Engineering,Computer Engineering,No,91.4,88.8,3512,3400,3200,3800
2014,Nanyang Technological University,Engineering,Civil Engineering,No,93.8,92.9,3152,3100,3000,3300
2014,Nanyang Technological University,Engineering,Computer Science,No,94.5,93.7,3304,3200,3000,3700
2014,Nanyang Technological University,Engineering,Electrical and Electronic Engineering,No,90.7,88.4,3336,3200,3000,3500
2014,Nanyang Technological University,Engineering,Environmental Engineering,No,88.9,82.2,3111,3000,3000,3500
2014,Nanyang Technological University,Engineering,Information Engineering and Media,No,85.7,73.2,3318,3200,3000,3600
2014,Nanyang Technological University,Engineering,Materials Engineering,No,82.5,77.7,3261,3150,3000,3410
2014,Nanyang Technological University,Engineering,Mechanical Engineering,No,90.2,87.8,3289,3100,3000,3500
2014,Nanyang Technological University,Engineering,Maritime Studies,No,92.5,92.5,3206,3050,3000,3500
2014,Nanyang Technological University,Arts & Social Sciences,"Art, Design & Media",No,80,68,2791,2700,2300,3000
2014,Nanyang Technological University,Arts & Social Sciences,Chinese,No,86.8,75.8,3006,3000,2700,3300
2014,Nanyang Technological University,Arts & Social Sciences,Communication Studies,No,86.7,77.9,2976,3000,2600,3294
2014,Nanyang Technological University,Arts & Social Sciences,Economics,No,88.7,78.4,3222,3200,3000,3500
2014,Nanyang Technological University,Arts & Social Sciences,English,No,87,63,3432,3100,2800,3990
2014,Nanyang Technological University,Arts & Social Sciences,Linguistics and Multilingual Studies,No,85.7,66.7,3148,3230,2800,3500
2014,Nanyang Technological University,Arts & Social Sciences,Psychology,No,66.7,54.9,3228,3100,2800,3500
2014,Nanyang Technological University,Arts & Social Sciences,Sociology,No,73.2,67.9,3143,3100,2800,3260
2014,Nanyang Technological University,Sciences,Traditional Chinese Medicine,No,100,100,3018,2900,2786,3400
2014,Nanyang Technological University,Sciences,Biological Sciences,No,75.1,60.8,3174,3000,2800,3400
2014,Nanyang Technological University,Sciences,Chemistry & Biological Chemistry,No,80.5,68.3,3321,3100,2800,3400
2014,Nanyang Technological University,Sciences,Mathematics & Economics,No,88.4,87,3142,3200,2800,3500
2014,Nanyang Technological University,Sciences,Mathematical Science,No,91.3,79.7,3078,3200,2800,3300
2014,Nanyang Technological University,Sciences,Physics,No,73.7,63.2,3241,3100,2800,3560
2014,Nanyang Technological University,Sciences,Sports Science and Management,No,87.9,69.7,3229,3000,2700,3590
2014,Nanyang Technological University,National Institute of Education (NIE),Science (with Education),No,100,100,3475,3475,3400,3750
2014,Nanyang Technological University,National Institute of Education (NIE),Arts (with Education),No,100,100,3536,3475,3400,3700
2014,National University of Singapore,Arts & Social Sciences,Arts,No,81.9,65.3,2883,2800,2500,3010
2014,National University of Singapore,Arts & Social Sciences,Arts,Yes,83.1,76.6,3277,3300,3000,3600
2014,National University of Singapore,Arts & Social Sciences,Social Sciences,No,88.7,80.1,3304,3250,3000,3600
2014,National University of Singapore,Business,Business Administration,No,87.9,83.6,3367,3000,2800,3300
2014,National University of Singapore,Business,Business Administration,Yes,94.4,90.6,4090,3520,3200,4300
2014,National University of Singapore,Business,Accountancy,No,93.9,89.8,2989,2838,2700,3000
2014,National University of Singapore,Business,Accountancy,Yes,100,96.3,3407,2912,2800,3614
2014,National University of Singapore,Computing and Information Systems,Communications and Media,No,82.1,82.1,3129,3088,2900,3300
2014,National University of Singapore,Computing and Information Systems,Computer Science,No,90.6,85.9,3712,3500,3300,4000
2014,National University of Singapore,Computing and Information Systems,Electronic Commerce,No,85.7,85.7,3386,3200,3000,3500
2014,National University of Singapore,Computing and Information Systems,Information Systems,No,95.5,92,3789,3500,3100,4039
2014,National University of Singapore,Dentistry,Dental Surgery,No,100,100,4054,4000,4000,4020
2014,National University of Singapore,Design & Environment,Architecture,No,98.4,95.2,4400,4275,4000,4750
2014,National University of Singapore,Design & Environment,Industrial Design,No,77.3,59.1,2603,2565,2200,3000
2014,National University of Singapore,Design & Environment,Project and Facilities Management,No,95.3,94.1,3181,3000,2900,3360
2014,National University of Singapore,Design & Environment,Real Estate,No,93.1,89.2,3108,3000,2750,3300
2014,National University of Singapore,Engineering,Biomedical Engineering,No,87.5,77.1,3058,3000,2700,3300
2014,National University of Singapore,Engineering,Chemical Engineering,No,83.9,76.4,3434,3300,3000,3650
2014,National University of Singapore,Engineering,Civil Engineering,No,97.1,97.1,3281,3208,3000,3500
2014,National University of Singapore,Engineering,Computer Engineering,No,95.2,92.4,3762,3500,3200,4080
2014,National University of Singapore,Engineering,Electrical Engineering,No,90.6,88.1,3571,3300,3000,3800
2014,National University of Singapore,Engineering,Engineering Science,No,81.3,62.5,3465,3400,3275,3790
2014,National University of Singapore,Engineering,Environmental Engineering,No,95.2,92.9,3215,3230,3000,3422
2014,National University of Singapore,Engineering,Industrial and Systems Engineering,No,96.5,96.5,3719,3600,3200,4000
2014,National University of Singapore,Engineering,Materials Science and Engineering,No,78.6,73.8,3350,3300,3000,3600
2014,National University of Singapore,Engineering,Mechanical Engineering,No,90,88.5,3323,3200,3000,3500
2014,National University of Singapore,Law,Law,Yes,98.2,97.6,5247,5150,4800,5800
2014,National University of Singapore,Medicine,Bachelor of  Medicine and Bachelor of Surgery,No,100,100,4886,5000,4500,5200
2014,National University of Singapore,Medicine,Nursing,No,100,95.6,3188,3200,3050,3386
2014,National University of Singapore,Medicine,Nursing,Yes,100,100,3353,3500,3270,3600
2014,National University of Singapore,Science,Applied Science,Yes,95.5,81.8,2831,2800,2600,3000
2014,National University of Singapore,Science,Science,No,76.8,61.4,2973,3000,2700,3200
2014,National University of Singapore,Science,Science,Yes,86.6,75.8,3328,3210,2950,3600
2014,National University of Singapore,Science,Pharmacy,Yes,98.9,96.7,3670,3630,3470,4000
2014,Singapore Management University,Accountancy,Accountancy,No,93.6,91.4,3420,2875,2722,3614
2014,Singapore Management University,Accountancy,Accountancy,No,97.4,96.1,3903,3500,2875,4300
2014,Singapore Management University,Business,Business Management ,No,90.9,86.4,3752,3333,3000,4000
2014,Singapore Management University,Business,Business Management,Yes,94.5,94,4116,3600,3200,4500
2014,Singapore Management University,Economics,Economics,No,90.2,83.9,3645,3500,3175,4000
2014,Singapore Management University,Economics,Economics,Yes,90.6,89.1,3824,3800,3300,4350
2014,Singapore Management University,Computing and Information Systems,Information Systems,No,92.9,80.6,3530,3350,3000,4000
2014,Singapore Management University,Computing and Information Systems,Information Systems,Yes,97.4,84.2,4151,4050,3500,4540
2014,Singapore Management University,Arts & Social Sciences,Social Sciences,No,90.9,84.1,3166,3000,2800,3580
2014,Singapore Management University,Arts & Social Sciences,Social Sciences,Yes,87.5,81.3,3545,3590,3000,3955
2014,Singapore Management University,Law,Law,No,97.8,95.6,5332,5025,4600,5950
2014,Singapore Management University,Law,Law,Yes,97.7,97.7,5571,5800,4800,6000
2014,Singapore Institute of Technology,DigiPen Institute of Technology,Game Design,No,100,86.7,2490,2700,2575,2800
2014,Singapore Institute of Technology,DigiPen Institute of Technology,Digital Arts & Animation,No,90.6,84.4,2603,2600,2300,2885
2014,Singapore Institute of Technology,DigiPen Institute of Technology,Computer Science & Game Design,No,100,100,2955,2975,2800,3075
2014,Singapore Institute of Technology,DigiPen Institute of Technology,Computer Science in Real-Time Interactive Simulation,No,100,100,2910,3000,2700,3300
2014,Singapore Institute of Technology,The Glasgow School of Art,Communication Design,Yes,89.1,78.3,2595,2500,2400,2800
2014,Singapore Institute of Technology,The Glasgow School of Art,Interior Design,Yes,93.9,90.9,2583,2500,2373,2800
2014,Singapore Institute of Technology,Newcastle University,Chemical Engineering,Yes,90.1,84.5,3325,3300,3000,3650
2014,Singapore Institute of Technology,Newcastle University,Marine Engineering,Yes,92.6,88.9,3334,3260,3003,3594
2014,Singapore Institute of Technology,Newcastle University,Mechanical Design & Manufacturing Engineering,Yes,97.1,85.7,3273,3100,3000,3338
2014,Singapore Institute of Technology,Newcastle University,Naval Architecture,Yes,100,94.1,3467,3500,3233,3675
2014,Singapore Institute of Technology,Newcastle University,Offshore Engineering,Yes,91.3,91.3,3467,3300,3075,3625
2014,Singapore Institute of Technology,Newcastle University,Food & Human Nutrition,Yes,75,61.4,2854,2800,2500,3170
2014,Singapore Institute of Technology,Technische Universität München,Chemical Engineering,Yes,86.7,86.7,3285,3200,2950,3755
2014,Singapore Institute of Technology,Technische Universität München,Electrical Engineering & Information Technology,Yes,85.7,82.1,3141,3000,2800,3480
2014,Singapore Institute of Technology,The Culinary Institute of America,Culinary Arts Management,No,89.3,89.3,2503,2500,2200,2600
2014,Singapore Institute of Technology,Trinity College Dublin,Occupational Therapy,No,100,100,3151,3100,3000,3338
2014,Singapore Institute of Technology,Trinity College Dublin,Physiotherapy,No,100,100,3229,3200,3000,3500
2014,Singapore Institute of Technology,University of Glasgow,Aeronautical Engineering (Hons),Yes,88,88,3415,3000,2849,4194
2014,Singapore Institute of Technology,University of Glasgow,Aerospace Systems,Yes,85.7,75,3333,3150,2900,3500
2014,Singapore Institute of Technology,University of Glasgow,Mechanical Design Engineering,Yes,92.3,92.3,3424,3250,2950,3556
2014,Singapore Institute of Technology,University of Glasgow,Mechatronics,Yes,93,87.3,3209,3100,2964,3443
2014,Singapore Institute of Technology,University of Manchester,Nursing,Yes,97.2,94.4,3464,3511,3115,3860
2014,Singapore Institute of Technology,"University of Nevada, Las Vegas",Hospitality Management,No,88.8,78,2634,2500,2300,2900
2014,Singapore Institute of Technology,Wheelock College,Early Childhood Education,No,97.1,97.1,2553,2600,2475,2613
2015,Nanyang Technological University,Business,Accountancy and Business,No,98.6,97.3,4438,3770,3000,4850
2015,Nanyang Technological University,Business,Accountancy,No,97.3,96.5,3240,2875,2850,3125
2015,Nanyang Technological University,Business,Business,No,92.2,87.6,3502,3200,2900,3700
2015,Nanyang Technological University,Business,Business and Computing,No,100,100,4395,4583,3800,4876
2015,Nanyang Technological University,Engineering,Aerospace Engineering,No,86,86,3724,3700,3450,4000
2015,Nanyang Technological University,Engineering,Bioengineering,No,92.6,76.5,3197,3113,2900,3450
2015,Nanyang Technological University,Engineering,Chemical And Biomolecular Engineering,No,86.8,80.9,3373,3300,3000,3600
2015,Nanyang Technological University,Engineering,Computer Engineering,No,85.1,83,3577,3500,3200,4000
2015,Nanyang Technological University,Engineering,Civil Engineering,No,95.3,93,3206,3200,3000,3300
2015,Nanyang Technological University,Engineering,Computer Science,No,92.4,91.4,3535,3300,3150,3800
2015,Nanyang Technological University,Engineering,Electrical And Electronic Engineering,No,88.6,86.2,3446,3300,3000,3690
2015,Nanyang Technological University,Engineering,Environmental Engineering,No,89.7,82.1,3673,3300,3000,3835
2015,Nanyang Technological University,Engineering,Information Engineering And Media,No,87.3,80,3375,3275,3000,3500
2015,Nanyang Technological University,Engineering,Materials Engineering,No,82.9,76.8,3397,3200,3000,3600
2015,Nanyang Technological University,Engineering,Mechanical Engineering,No,88,80.7,3388,3250,3000,3600
2015,Nanyang Technological University,Engineering,Maritime Studies,No,95,95,3271,3200,3000,3300
2015,Nanyang Technological University,Arts & Social Sciences,"Art, Design & Media",No,79.3,56.9,3457,2800,2200,3000
2015,Nanyang Technological University,Arts & Social Sciences,Chinese,No,81.8,76.6,3045,3200,2800,3500
2015,Nanyang Technological University,Arts & Social Sciences,Communication Studies,No,85.1,74.4,3008,3000,2600,3330
2015,Nanyang Technological University,Arts & Social Sciences,Economics,No,87.4,75.9,3496,3300,3000,3800
2015,Nanyang Technological University,Arts & Social Sciences,English,No,88,74,3322,3314,2604,3743
2015,Nanyang Technological University,Arts & Social Sciences,Linguistics And Multilingual Studies,No,88.4,55.8,3753,3000,2800,3600
2015,Nanyang Technological University,Arts & Social Sciences,Psychology,No,73.3,52,3264,3200,2800,3562
2015,Nanyang Technological University,Arts & Social Sciences,Sociology,No,85.7,79.4,3402,3125,2700,3600
2015,Nanyang Technological University,Sciences,Traditional Chinese Medicine,No,100,100,2882,2800,2500,3105
2015,Nanyang Technological University,Sciences,Biological Sciences,No,74.6,65.3,3229,3190,2875,3600
2015,Nanyang Technological University,Sciences,Chemistry & Biological Chemistry,No,83.9,72.3,3139,3000,2800,3500
2015,Nanyang Technological University,Sciences,Mathematics & Economics,No,95.3,84.4,3440,3205,2925,3500
2015,Nanyang Technological University,Sciences,Mathematical Science,No,81.8,72.7,3402,3240,2950,3500
2015,Nanyang Technological University,Sciences,Physics,No,82.1,69.6,3186,3200,2900,3400
2015,Nanyang Technological University,Sciences,Sports Science and Management,No,90.7,72.1,3307,3295,2900,3600
2015,Nanyang Technological University,National Institute of Education (NIE),Science (with Education),No,100,100,3604,3504,3500,3855
2015,Nanyang Technological University,National Institute of Education (NIE),Arts (with Education),No,100,100,3622,3500,3500,3605
2015,National University of Singapore,Arts & Social Sciences,Arts,No,88.4,74.6,2999,3000,2700,3215
2015,National University of Singapore,Arts & Social Sciences,Arts,Yes,83,70.5,3310,3310,3000,3625
2015,National University of Singapore,Arts & Social Sciences,Social Sciences,No,88.6,79.8,3442,3310,3000,3686
2015,National University of Singapore,Business,Business Administration,No,88.2,80.3,3341,3000,2800,3700
2015,National University of Singapore,Business,Business Administration,Yes,96,93.1,4326,3800,3300,4600
2015,National University of Singapore,Business,Accountancy,No,97.6,97.6,2983,2850,2700,2960
2015,National University of Singapore,Business,Accountancy,Yes,98.6,98.6,3587,3000,2850,3634
2015,National University of Singapore,Computing and Information Systems,Communications and Media,No,92.6,85.2,3291,3500,2800,3800
2015,National University of Singapore,Computing and Information Systems,Computer Science,No,97,95,3890,3700,3300,4400
2015,National University of Singapore,Computing and Information Systems,Electronic Commerce,No,90.3,87.1,3301,3300,3000,3500
2015,National University of Singapore,Computing and Information Systems,Information Systems,No,97.2,97.2,3699,3550,3200,4100
2015,National University of Singapore,Dentistry,Dental Surgery,No,100,100,4083,4000,4000,4400
2015,National University of Singapore,Design & Environment,Architecture,No,97.6,96.4,4099,4127,3700,4500
2015,National University of Singapore,Design & Environment,Industrial Design,No,72,60,2908,3000,2700,3200
2015,National University of Singapore,Design & Environment,Project and Facilities Management,No,94.3,90.8,3067,3000,2800,3215
2015,National University of Singapore,Design & Environment,Real Estate,No,93.9,89.6,3325,3100,2810,3500
2015,National University of Singapore,Engineering,Biomedical Engineering,No,86.2,75.9,3357,3300,3000,3500
2015,National University of Singapore,Engineering,Chemical Engineering,No,86,82.9,3529,3500,3000,4000
2015,National University of Singapore,Engineering,Civil Engineering,No,96.5,95.3,3366,3350,3200,3500
2015,National University of Singapore,Engineering,Computer Engineering,No,91.8,90.6,4252,4000,3325,4583
2015,National University of Singapore,Engineering,Electrical Engineering,No,92.1,90.4,3589,3300,3000,3700
2015,National University of Singapore,Engineering,Engineering Science,No,82.6,73.9,3812,3800,3500,4420
2015,National University of Singapore,Engineering,Environmental Engineering,No,88.1,85.7,3337,3450,3000,3670
2015,National University of Singapore,Engineering,Industrial and Systems Engineering,No,96.1,94.7,3724,3500,3300,4030
2015,National University of Singapore,Engineering,Materials Science and Engineering,No,100,95,3391,3350,3050,3790
2015,National University of Singapore,Engineering,Mechanical Engineering,No,83.3,80,3422,3300,3000,3600
2015,National University of Singapore,Law,Law,Yes,96.9,96.9,4910,4700,4200,5800
2015,National University of Singapore,Medicine,Medicine and Bachelor of Surgery,No,100,100,4729,4900,4500,5000
2015,National University of Singapore,Medicine,Nursing,No,97.3,97.3,3356,3400,3200,3445
2015,National University of Singapore,Medicine,Nursing,Yes,100,100,3466,3435,3300,3700
2015,National University of Singapore,Arts & Social Sciences,Music,No,82.4,41.2,3344,3300,3000,3600
2015,National University of Singapore,Sciences,Applied Science,Yes,85.2,77.8,3355,3100,3000,4000
2015,National University of Singapore,Sciences,Science,No,84.3,64.2,3052,3000,2620,3200
2015,National University of Singapore,Sciences,Science,Yes,83.9,76.2,3321,3300,3000,3600
2015,National University of Singapore,Sciences,Pharmacy,Yes,99,97.9,3717,3500,3400,3929
2015,National University of Singapore,Multidisciplinary,Environmental Studies,No,71.9,59.4,3433,3500,3238,3550
2015,Singapore Management University,Accountancy,Accountancy,No,97.3,93,3427,3000,2850,3500
2015,Singapore Management University,Accountancy,Accountancy,Yes,97.7,97.7,3701,3200,2850,4110
2015,Singapore Management University,Business,Business Management,No,93.9,88.2,3611,3300,3000,4000
2015,Singapore Management University,Business,Business Management,Yes,98.3,93.3,4130,3868,3200,4600
2015,Singapore Management University,Economics,Economics,No,90.3,85.8,3946,3500,3200,4100
2015,Singapore Management University,Economics,Economics,Yes,98.2,92.7,4380,3850,3500,4700
2015,Singapore Management University,Computing and Information Systems,Information Systems,No,94.8,85.9,3660,3500,3200,4110
2015,Singapore Management University,Computing and Information Systems,Information Systems,Yes,97.4,92.1,3834,3800,3500,4166
2015,Singapore Management University,Arts & Social Sciences,Social Sciences,No,89,83,3550,3200,2980,3600
2015,Singapore Management University,Arts & Social Sciences,Social Sciences,Yes,93.1,89.7,4012,3560,3300,4583
2015,Singapore Management University,Law,Law,No,99,99,4997,4731,4350,5800
2015,Singapore Management University,Law,Law,Yes,100,100,5313,5000,4500,5995
2015,Singapore University of Technology and Design,Engineering,Engineering Product Development,No,89.8,85,3631,3600,3383,3783
2015,Singapore University of Technology and Design,Engineering,Engineering Systems and Design,No,90.7,83.6,3850,3667,3447,4170
2015,Singapore University of Technology and Design,Computing and Information Systems,Information Systems,No,92.6,91.9,4120,3991,3479,4767
2015,Singapore Institute of Technology,DigiPen Institute of Technology,Digital Arts & Animation,No,88.5,65.4,2682,2700,2500,2800
2015,Singapore Institute of Technology,DigiPen Institute of Technology,Computer Science in Real-Time Interactive Simulation,No,95.2,90.5,3346,3233,3000,3500
2015,Singapore Institute of Technology,The Glasgow School of Art,Communication Design,Yes,76.1,54.3,2922,2750,2523,2975
2015,Singapore Institute of Technology,The Glasgow School of Art,Interior Design,Yes,87.5,71.9,2893,2700,2500,3025
2015,Singapore Institute of Technology,Newcastle University,Chemical Engineering,Yes,85.5,72.6,3405,3250,2900,3750
2015,Singapore Institute of Technology,Newcastle University,Electrical Power Engineering,Yes,83,77.4,3452,3300,3000,3550
2015,Singapore Institute of Technology,Newcastle University,Marine Engineering,Yes,91.7,91.7,3354,3225,3050,3500
2015,Singapore Institute of Technology,Newcastle University,Mechanical Design & Manufacturing Engineering,Yes,90.5,83.3,3266,3200,3000,3500
2015,Singapore Institute of Technology,Newcastle University,Naval Architecture,Yes,100,100,3266,3141,2900,3500
2015,Singapore Institute of Technology,Newcastle University,Offshore Engineering,Yes,100,94.7,3469,3350,3238,3575
2015,Singapore Institute of Technology,Newcastle University,Food & Human Nutrition,Yes,89.2,81.1,2876,2700,2475,3050
2015,Singapore Institute of Technology,Technische Universität München,Chemical Engineering,No,87.5,79.2,2970,2950,2800,3200
2015,Singapore Institute of Technology,Technische Universität München,Electrical Engineering & Information Technology,No,100,90,3339,3250,3000,3488
2015,Singapore Institute of Technology,The Culinary Institute of America,Culinary Arts Management,No,92.6,81.5,2586,2400,2000,2800
2015,Singapore Institute of Technology,Trinity College Dublin,Diagnostic Radiography,No,100,100,3486,3488,3313,3650
2015,Singapore Institute of Technology,Trinity College Dublin,Occupational Therapy,No,100,100,3149,3125,3000,3225
2015,Singapore Institute of Technology,Trinity College Dublin,Physiotherapy,No,100,98.3,3310,3222,3200,3500
2015,Singapore Institute of Technology,University of Glasgow,Aeronautical Engineering,Yes,81.6,73.7,2840,3000,2614,3293
2015,Singapore Institute of Technology,University of Glasgow,Aerospace Systems ,Yes,83.3,70.8,3185,3000,2882,3300
2015,Singapore Institute of Technology,University of Glasgow,Mechanical Design Engineering,Yes,72.2,61.1,3685,3250,2960,4200
2015,Singapore Institute of Technology,University of Glasgow,Mechatronics,Yes,96.4,94.5,3404,3100,2975,3875
2015,Singapore Institute of Technology,University of Glasgow,Computing Science,Yes,95.6,86.7,3391,3300,3152,3400
2015,Singapore Institute of Technology,University of Manchester,Nursing,Yes,98.3,96.7,3624,3615,3400,3838
2015,Singapore Institute of Technology,"University of Nevada, Las Vegas",Hospitality Management,No,89.9,82.6,2607,2548,2338,2850
2015,Singapore Institute of Technology,Wheelock College,Early Childhood Education,No,100,96.4,2807,2700,2608,3000
2016,Nanyang Technological University,Business,Accountancy,No,97.3,95.1,3063,2900,2900,3100
2016,Nanyang Technological University,Business,Accountancy and Business,No,97.4,96.6,3893,3500,3100,4250
2016,Nanyang Technological University,Business,Business,No,89.6,77.1,3444,3300,3000,3800
2016,Nanyang Technological University,Business,Business and Computing,No,94.4,94.4,4407,4600,3800,5000
2016,Nanyang Technological University,Engineering,Aerospace Engineering,No,82.4,77.9,3840,3675,3350,4435
2016,Nanyang Technological University,Engineering,Bioengineering,No,77.8,63.9,3317,3237,3000,3510
2016,Nanyang Technological University,Engineering,Chemical And Biomolecular Engineering,No,80.6,72.6,3476,3400,3200,3800
2016,Nanyang Technological University,Engineering,Civil Engineering,No,92.4,91.6,3505,3300,3200,3800
2016,Nanyang Technological University,Engineering,Computer Engineering,No,83.3,75.9,3833,3500,3300,4420
2016,Nanyang Technological University,Engineering,Computer Science,No,94.6,91.4,3848,3500,3300,4333
2016,Nanyang Technological University,Engineering,Electrical And Electronic Engineering,No,89.1,83.6,3517,3400,3190,3800
2016,Nanyang Technological University,Engineering,Environmental Engineering,No,80.6,74.2,3216,3100,2800,3400
2016,Nanyang Technological University,Engineering,Information Engineering And Media,No,94.6,87.5,3570,3350,3000,4000
2016,Nanyang Technological University,Engineering,Maritime Studies,No,94.2,88.5,3328,3398,3083,3500
2016,Nanyang Technological University,Engineering,Materials Engineering,No,81.3,73.5,3317,3300,3000,3500
2016,Nanyang Technological University,Engineering,Mechanical Engineering,No,86,79.9,3505,3350,3050,3959
2016,Nanyang Technological University,Arts & Social Sciences,"Art, Design & Media",No,79.7,46.6,2761,2700,2500,3000
2016,Nanyang Technological University,Arts & Social Sciences,Chinese,No,91.1,74.7,3345,3300,3050,3500
2016,Nanyang Technological University,Arts & Social Sciences,Communication Studies,No,87.7,69.6,2996,3000,2575,3365
2016,Nanyang Technological University,Arts & Social Sciences,Economics,No,91.3,79.3,3440,3300,3000,3850
2016,Nanyang Technological University,Arts & Social Sciences,English,No,75,54.2,2997,3000,2700,3400
2016,Nanyang Technological University,Arts & Social Sciences,History,No,87.2,76.6,3082,3000,2700,3500
2016,Nanyang Technological University,Arts & Social Sciences,Linguistics And Multilingual Studies,No,81.8,61.8,3368,3365,2960,3500
2016,Nanyang Technological University,Arts & Social Sciences,Psychology,No,82.1,66.7,3136,3200,2800,3500
2016,Nanyang Technological University,Arts & Social Sciences,Sociology,No,86.1,63.9,3480,3500,3000,3850
2016,Nanyang Technological University,Sciences,Biomedical Sciences & Chinese Medicine,No,94.4,88.9,2577,2500,2150,2800
2016,Nanyang Technological University,Sciences,Biological Sciences,No,80.5,64,3222,3175,3000,3550
2016,Nanyang Technological University,Sciences,Chemistry & Biological Chemistry,No,80.6,64.2,3234,3149,2925,3500
2016,Nanyang Technological University,Sciences,Mathematical Sciences,No,88.5,76.9,3535,3500,3200,3750
2016,Nanyang Technological University,Sciences,Mathematics & Economics,No,89.4,72.7,3458,3300,3000,3750
2016,Nanyang Technological University,Sciences,Physics,No,85.7,77.1,3683,3450,3100,4000
2016,Nanyang Technological University,Sciences,Sports Science and Management,No,83.1,66.1,3272,3200,2825,3500
2016,Nanyang Technological University,National Institute of Education (NIE),Arts (with Education),No,100,100,3525,3525,3400,3615
2016,Nanyang Technological University,National Institute of Education (NIE),Science (with Education),No,100,100,3546,3525,3500,3850
2016,National University of Singapore,Arts & Social Sciences,Arts,No,86.1,62.5,3063,3000,2600,3200
2016,National University of Singapore,Arts & Social Sciences,Arts,Yes,90.7,74.1,3321,3500,3000,3600
2016,National University of Singapore,Arts & Social Sciences,Social Sciences,No,89.5,73.3,3423,3300,3000,3650
2016,National University of Singapore,Dentistry,Dental Surgery,No,100,100,4221,4050,4050,4450
2016,National University of Singapore,Engineering,Biomedical Engineering,No,91.9,80.6,3366,3200,3000,3500
2016,National University of Singapore,Engineering,Chemical Engineering,No,85.3,80.3,3562,3450,3150,4000
2016,National University of Singapore,Engineering,Civil Engineering,No,95.3,91.9,3509,3420,3200,3800
2016,National University of Singapore,Engineering,Computer Engineering,No,89.1,85.9,3942,3900,3467,4500
2016,National University of Singapore,Engineering,Electrical Engineering,No,91.9,87.6,3765,3500,3200,4200
2016,National University of Singapore,Engineering,Engineering Science,No,85.2,74.1,3707,3740,3350,4026
2016,National University of Singapore,Engineering,Environmental Engineering,No,79.3,65.5,3470,3350,3000,3832
2016,National University of Singapore,Engineering,Industrial and Systems Engineering,No,80.3,78.9,3879,3500,3300,4250
2016,National University of Singapore,Engineering,Materials Science And Engineering,No,90.2,78.4,3501,3540,3200,3900
2016,National University of Singapore,Engineering,Mechanical Engineering,No,86.6,81,3560,3400,3150,3800
2016,National University of Singapore,Law,Law,Yes,97.7,95.9,4898,4900,4200,5600
2016,National University of Singapore,Sciences,Applied Science,Yes,81,61.9,3058,3130,2800,3350
2016,National University of Singapore,Sciences,Science,No,84.3,59.4,2995,3000,2600,3225
2016,National University of Singapore,Sciences,Science,Yes,84.9,71.7,3386,3300,3000,3650
2016,National University of Singapore,Sciences,Pharmacy,Yes,99.1,97.2,3597,3600,3300,3950
2016,National University of Singapore,Business,Business Administration,No,93.6,80.7,3282,3000,2837,3500
2016,National University of Singapore,Business,Business Administration,Yes,96.4,92.8,4207,3620,3258,4500
2016,National University of Singapore,Business,Accountancy,No,88.6,86.4,3020,2963,2800,3100
2016,National University of Singapore,Business,Accountancy,Yes,99,99,3465,3075,2900,3800
2016,National University of Singapore,Computing and Information Systems,Computer Science,No,96.3,93.3,4385,4000,3500,5000
2016,National University of Singapore,Computing and Information Systems,Information Systems,No,94,94,3969,4000,3365,4500
2016,National University of Singapore,Design & Environment,Architecture,No,93.2,89.8,3960,4000,3500,4250
2016,National University of Singapore,Design & Environment,Industrial Design,No,90.6,65.6,3320,3000,2900,4000
2016,National University of Singapore,Design & Environment,Project and Facilities Management,No,87.8,84.7,3113,3000,2850,3276
2016,National University of Singapore,Design & Environment,Real Estate,No,94.6,92.4,3368,3200,2950,3735
2016,National University of Singapore,Medicine,Bachelor of Medicine and Bachelor Of Surgery,No,99.4,99.4,4887,5000,4500,5200
2016,National University of Singapore,Medicine,Nursing,No,93.2,90.9,3363,3400,3200,3425
2016,National University of Singapore,Medicine,Nursing,Yes,95.1,95.1,3529,3500,3400,3600
2016,National University of Singapore,Arts & Social Sciences,Music,No,85.7,14.3,3250,3250,2999,3500
2016,National University of Singapore,Multidisciplinary,Environmental Studies,No,83.8,67.6,3399,3300,3000,3500
2016,Singapore Management University,Accountancy,Accountancy,No,98.5,96,3455,3000,2900,3600
2016,Singapore Management University,Accountancy,Accountancy,Yes,100,100,3943,3600,3000,4583
2016,Singapore Management University,Business,Business Management,No,92.4,84.6,3831,3500,3000,4000
2016,Singapore Management University,Business,Business Management,Yes,96.1,92.1,4234,3660,3250,4583
2016,Singapore Management University,Economics,Economics,No,93.4,84,3906,3700,3200,4300
2016,Singapore Management University,Economics,Economics,Yes,97,92.5,4425,4107,3800,4750
2016,Singapore Management University,Computing and Information Systems,Information Systems,No,95.7,91.5,3897,3600,3200,4167
2016,Singapore Management University,Computing and Information Systems,Information Systems,Yes,97.5,95,4603,4167,3800,4750
2016,Singapore Management University,Arts & Social Sciences,Social Sciences,No,91.5,80.4,3311,3145,3000,3500
2016,Singapore Management University,Arts & Social Sciences,Social Sciences,Yes,94.9,87.2,3548,3400,3000,3668
2016,Singapore Management University,Law,Law,No,95.8,93.7,4915,4850,4200,5800
2016,Singapore Management University,Law,Law,Yes,96.7,96.7,5095,5300,4500,5800
2016,Singapore Institute of Technology,DigiPen Institute of Technology,Digital Arts & Animation,No,73.3,53.3,3052,3000,2700,3016
2016,Singapore Institute of Technology,DigiPen Institute of Technology,Computer Science & Game Design,No,85.7,85.7,3329,3400,3100,3500
2016,Singapore Institute of Technology,DigiPen Institute of Technology,Computer Science in Real-Time Interactive Simulation,No,100,92.9,3803,4000,3500,4200
2016,Singapore Institute of Technology,The Glasgow School of Art,Communication Design,Yes,91.1,58.9,2652,2600,2500,2700
2016,Singapore Institute of Technology,The Glasgow School of Art,Interior Design,Yes,97.4,76.3,2485,2515,2200,2800
2016,Singapore Institute of Technology,Newcastle University,Chemical Engineering,Yes,85.9,71.8,3463,3300,3080,3650
2016,Singapore Institute of Technology,Newcastle University,Electrical Power Engineering,Yes,86.4,79.7,3440,3200,2800,3700
2016,Singapore Institute of Technology,Newcastle University,Marine Engineering,Yes,95.2,81,3956,3840,3200,4530
2016,Singapore Institute of Technology,Newcastle University,Mechanical Design & Manufacturing Engineering,Yes,87,77.8,3344,3200,2900,3575
2016,Singapore Institute of Technology,Newcastle University,Naval Architecture,Yes,90,90,3239,3300,3000,3500
2016,Singapore Institute of Technology,Newcastle University,Offshore Engineering,Yes,86.4,72.7,3286,3430,3000,3600
2016,Singapore Institute of Technology,Newcastle University,Food & Human Nutrition,Yes,86.7,62.2,2707,2600,2420,2800
2016,Singapore Institute of Technology,Technische Universität München,Chemical Engineering,No,78.6,67.9,3149,3130,2500,3700
2016,Singapore Institute of Technology,Technische Universität München,Electrical Engineering & Information Technology,No,90.9,86.4,3042,3000,2825,3350
2016,Singapore Institute of Technology,The Culinary Institute of America,Culinary Arts Management,No,86.2,69,2344,2300,2000,2500
2016,Singapore Institute of Technology,Trinity College Dublin,Diagnostic Radiography,No,88.2,88.2,3628,3660,3400,3930
2016,Singapore Institute of Technology,Trinity College Dublin,Occupational Therapy,No,100,100,3301,3200,3100,3500
2016,Singapore Institute of Technology,Trinity College Dublin,Physiotherapy,No,100,100,3344,3300,3240,3500
2016,Singapore Institute of Technology,University of Glasgow,Aeronautical Engineering,Yes,81.6,65.3,3277,3200,2800,3700
2016,Singapore Institute of Technology,University of Glasgow,Aerospace Systems,Yes,82.2,64.4,3390,3275,2900,4009
2016,Singapore Institute of Technology,University of Glasgow,Mechanical Design Engineering,Yes,87,70.4,3273,3200,3000,3365
2016,Singapore Institute of Technology,University of Glasgow,Mechatronics,Yes,88.7,80.3,3523,3300,3000,3800
2016,Singapore Institute of Technology,University of Glasgow,Computing Science,Yes,89.8,81.6,3704,3600,3400,3900
2016,Singapore Institute of Technology,University of Manchester,Nursing,Yes,92.7,85.5,3600,3600,3400,3750
2016,Singapore Institute of Technology,University of Liverpool,Criminology and Security,Yes,92.6,81.5,4131,4200,3700,4600
2016,Singapore Institute of Technology,Wheelock College,Early Childhood Education,No,98,92,2707,2700,2600,2850
2017,Nanyang Technological University,Business,Accountancy,Yes,97.1,94.5,3166,3000,2900,3100
2017,Nanyang Technological University,Business,Bachelor of Accountancy and Bachelor of Business,Yes,97.2,94.3,3892,3600,3013,4317
2017,Nanyang Technological University,Business,Business,Yes,93,80.8,3643,3300,3000,3800
2017,Nanyang Technological University,Business,Double Degree in Business & Computer Science,Yes,100,95,5225,5000,4000,5362
2017,Nanyang Technological University,Engineering,Aerospace Engineering ,Yes,80,75,3702,3500,3250,4210
2017,Nanyang Technological University,Engineering,Bioengineering ,Yes,78.3,65.2,3486,3419,3000,3825
2017,Nanyang Technological University,Engineering,Chemical And Biomolecular Engineering,Yes,82.3,75.3,3577,3500,3200,4000
2017,Nanyang Technological University,Engineering,Civil Engineering ,Yes,98.5,96.9,3442,3400,3190,3675
2017,Nanyang Technological University,Engineering,Computer Engineering,Yes,95.1,87.8,3743,3600,3450,3925
2017,Nanyang Technological University,Engineering,Computer Science,Yes,92.4,86.7,4160,3850,3500,4500
2017,Nanyang Technological University,Engineering,Electrical & Electronic Engineering,Yes,89.3,85,3657,3600,3200,4000
2017,Nanyang Technological University,Engineering,Environmental Engineering,Yes,71.8,64.1,3588,3635,3200,3950
2017,Nanyang Technological University,Engineering,Information Engineering & Media,Yes,86.9,78.7,3790,3700,3350,4200
2017,Nanyang Technological University,Engineering,Maritime Studies,Yes,92.2,92.2,3333,3320,3000,3500
2017,Nanyang Technological University,Engineering,Materials Engineering,Yes,84.9,75.6,3434,3375,3200,3700
2017,Nanyang Technological University,Engineering,Mechanical Engineering,Yes,82.7,74.9,3579,3450,3100,4000
2017,Nanyang Technological University,Engineering,Fine Arts,Yes,88.5,54,2909,2800,2500,3200
2017,Nanyang Technological University,Engineering, Chinese,Yes,84.6,67.7,3147,3300,2750,3500
2017,Nanyang Technological University,Engineering,Communication Studies,Yes,92.6,62.2,3184,3000,2775,3500
2017,Nanyang Technological University,Engineering,Economics,Yes,84.7,75.5,3379,3240,3000,3720
2017,Nanyang Technological University,Engineering,English,Yes,77.8,50.8,3149,3000,2800,3300
2017,Nanyang Technological University,Engineering,History,Yes,86,68.4,3265,3200,3000,3600
2017,Nanyang Technological University,Engineering,Linguistics And Multilingual Studies,Yes,80,60,3117,3100,2600,3500
2017,Nanyang Technological University,Engineering,Psychology,Yes,78.9,59.2,3151,3200,2890,3500
2017,Nanyang Technological University,Engineering,Public Policy And Global Affairs,Yes,74.1,66.7,3479,3395,3160,3750
2017,Nanyang Technological University,Engineering,Sociology,Yes,77.6,62.1,3309,3228,2970,3500
2017,Nanyang Technological University,Sciences,Double Degree in Biomedical Sciences & Chinese Medicine,Yes,92,80,2792,2950,2500,3035
2017,Nanyang Technological University,Sciences,Biological Sciences,Yes,80.4,62.6,3255,3200,3000,3500
2017,Nanyang Technological University,Sciences,Chemistry & Biological Chemistry,Yes,70.1,51.1,3173,3100,2800,3488
2017,Nanyang Technological University,Sciences,Mathematical Sciences,Yes,89.7,79.5,3580,3500,3100,3800
2017,Nanyang Technological University,Sciences,Mathematics & Economics,Yes,89.8,83.1,3625,3400,3013,3775
2017,Nanyang Technological University,Sciences,Physics,Yes,81.6,61.8,3490,3300,3000,3819
2017,Nanyang Technological University,Sciences,Sport Science & Management,Yes,81.1,48.6,3486,3450,2800,4000
2017,Nanyang Technological University,National Institute of Education (NIE),Arts (with Education),Yes,100,100,3589,3600,3500,3800
2017,Nanyang Technological University,National Institute of Education (NIE),Science (with Education) ,Yes,100,100,3701,3701,3500,3958
2017,National University of Singapore,Arts & Social Sciences,Arts,No,85.8,61.9,3107,3000,2700,3300
2017,National University of Singapore,Arts & Social Sciences,Arts,Yes,88.2,66.7,3391,3360,3000,3600
2017,National University of Singapore,Arts & Social Sciences,Social Sciences,No,88.3,74.7,3443,3300,3000,3750
2017,National University of Singapore,Dentistry,Dental Surgery,No,100,100,4143,4050,4000,4400
2017,National University of Singapore,Engineering,Biomedical Engineering,No,90.6,81.3,3367,3300,3000,3700
2017,National University of Singapore,Engineering,Chemical Engineering,No,87.8,81.3,3727,3600,3300,4000
2017,National University of Singapore,Engineering,Civil Engineering,No,95.5,90.9,3427,3300,3135,3700
2017,National University of Singapore,Engineering,Electrical Engineering,No,89.4,86.5,3641,3600,3300,3900
2017,National University of Singapore,Engineering,Engineering Science,No,76.5,64.7,3827,3675,3440,4200
2017,National University of Singapore,Engineering,Environmental Engineering,No,86.3,71.2,3546,3350,3000,3800
2017,National University of Singapore,Engineering,Industrial and Systems Engineering,No,93.3,89.9,4035,3875,3450,4200
2017,National University of Singapore,Engineering,Materials Science And Engineering,No,94,86,3570,3388,3200,3950
2017,National University of Singapore,Engineering,Mechanical Engineering,No,87.3,82.3,3657,3450,3100,4000
2017,National University of Singapore,Law,Law,No,95.8,92.3,5121,5000,4500,5600
2017,National University of Singapore,Sciences,Applied Science,Yes,82.1,50,3187,3085,2800,3200
2017,National University of Singapore,Sciences,Science,No,76.9,54.5,3214,3082,2800,3400
2017,National University of Singapore,Sciences,Science,Yes,85.9,69.3,3435,3300,3000,3700
2017,National University of Singapore,Sciences,Pharmacy,No,99.1,94.5,3616,3600,3500,3800
2017,National University of Singapore,Business,Business Administration,No,94.9,87.3,4031,3500,3000,4333
2017,National University of Singapore,Business,Business Administration,Yes,98.2,93.6,4388,3800,3450,4782
2017,National University of Singapore,Business,Accountancy,No,97.2,94.4,3473,3025,3000,3600
2017,National University of Singapore,Business,Accountancy,Yes,100,100,3744,3125,3000,4023
2017,National University of Singapore,Computing and Information Systems,Computer Science,No,93.5,89.4,4628,4285,3656,5000
2017,National University of Singapore,Computing and Information Systems,Information Systems,No,94.5,91.8,4192,4000,3550,4592
2017,National University of Singapore,Computing and Information Systems,Business Analytics,No,97.6,97.6,4203,4000,3500,4766
2017,National University of Singapore,Design & Environment,Architecture,No,91.3,86.4,4079,4000,3780,4300
2017,National University of Singapore,Design & Environment,Industrial Design,No,93.3,60,3079,2920,2600,3200
2017,National University of Singapore,Design & Environment,Project and Facilities Management,No,90.8,81.7,3162,3000,2900,3300
2017,National University of Singapore,Design & Environment,Real Estate,No,93.8,88.7,3168,3000,2800,3300
2017,National University of Singapore,Medicine,Bachelor of Medicine And Bachelor Of Surgery,No,100,100,4882,5000,4500,5305
2017,National University of Singapore,Medicine,Nursing,No,97.4,97.4,3328,3400,3200,3450
2017,National University of Singapore,Medicine,Nursing,Yes,91.8,89.8,3462,3500,3300,3650
2017,National University of Singapore,Arts & Social Sciences,Music,No,73.3,26.7,2500,2225,2050,2950
2017,National University of Singapore,Arts & Social Sciences,Arts,Yes,93.5,76.6,3956,3500,3075,4000
2017,National University of Singapore,Sciences,Science,Yes,91.7,75,4362,4083,3600,4875
2017,National University of Singapore,Multidisciplinary,Computer Engineering,No,89.4,84.7,4131,3900,3588,4500
2017,National University of Singapore,Multidisciplinary,Environmental Studies,No,88.7,62.3,3419,3300,3000,3600
2017,Singapore Management University,Accountancy,Accountancy,No,98,96.6,3646,3000,2920,3600
2017,Singapore Management University,Accountancy,Accountancy,Yes,97.8,97.8,4089,3200,3000,4645
2017,Singapore Management University,Business,Business Management,No,93.3,85.7,3995,3500,3050,4362
2017,Singapore Management University,Business,Business Management,Yes,95.8,92,4504,4000,3300,5000
2017,Singapore Management University,Economics,Economics,No,91.3,82.6,4143,3700,3300,4583
2017,Singapore Management University,Economics,Economics,Yes,93.2,90.5,4737,4100,3600,5113
2017,Singapore Management University,Computing and Information Systems,Information Systems,No,95.1,91.3,4014,4000,3550,4500
2017,Singapore Management University,Computing and Information Systems,Information Systems,Yes,96.1,94.1,4305,4334,4000,4750
2017,Singapore Management University,Arts & Social Sciences,Social Sciences,No,91.3,78,3493,3300,3000,3750
2017,Singapore Management University,Arts & Social Sciences,Social Sciences,Yes,87.9,81.8,3938,3630,3300,4000
2017,Singapore Management University,Law,Law,No,97.6,94,4941,5000,4000,5840
2017,Singapore Management University,Law,Law,Yes,97.9,97.9,5287,5600,4200,6000
2017,Singapore Institute of Technology,DigiPen Institute of Technology,Game Design,No,96.2,92.3,3067,3000,2800,3200
2017,Singapore Institute of Technology,DigiPen Institute of Technology,Digital Arts & Animation,No,88.5,69.2,2876,2875,2700,3000
2017,Singapore Institute of Technology,DigiPen Institute of Technology,Computer Science & Game Design,No,100,100,3291,3250,2900,3600
2017,Singapore Institute of Technology,DigiPen Institute of Technology,Computer Science in Real-Time Interactive Simulation,No,96.9,90.6,3904,3800,3558,4140
2017,Singapore Institute of Technology,The Glasgow School of Art,Communication Design,Yes,90.7,68.5,2949,2700,2500,3200
2017,Singapore Institute of Technology,The Glasgow School of Art,Interior Design,Yes,92.3,87.2,2841,2700,2500,3000
2017,Singapore Institute of Technology,Newcastle University,Chemical Engineering ,Yes,77.3,62.1,3290,3255,2975,3600
2017,Singapore Institute of Technology,Newcastle University,Electrical Power Engineering,Yes,94.4,88.9,3269,3200,3000,3450
2017,Singapore Institute of Technology,Newcastle University,Marine Engineering,Yes,96.2,88.5,3541,3500,3000,4000
2017,Singapore Institute of Technology,Newcastle University,Mechanical Design & Manufacturing Engineering,Yes,90.5,85.7,3145,3000,2800,3350
2017,Singapore Institute of Technology,Newcastle University,Naval Architecture,Yes,95.5,95.5,3537,3300,3200,3500
2017,Singapore Institute of Technology,Newcastle University,Offshore Engineering,Yes,100,86.7,3866,3300,3300,3950
2017,Singapore Institute of Technology,Newcastle University,Food & Human Nutrition,Yes,97.7,79.1,2980,2700,2475,3200
2017,Singapore Institute of Technology,Technische Universität München,Chemical Engineerin,No,84.5,74.1,3301,3200,3000,3375
2017,Singapore Institute of Technology,Technische Universität München,Electrical Engineering & Information Technology,No,82.8,82.8,3591,3400,3000,4000
2017,Singapore Institute of Technology,The Culinary Institute of America,Culinary Arts Management,No,87.9,54.5,2598,2300,2200,3259
2017,Singapore Institute of Technology,Trinity College Dublin,Occupational Therapy,No,100,97.1,3258,3300,3020,3450
2017,Singapore Institute of Technology,Trinity College Dublin,Physiotherapy,No,100,96.8,3489,3400,3300,3500
2017,Singapore Institute of Technology,University of Glasgow,Aeronautical Engineering,Yes,81.3,65.6,3481,3200,2950,3700
2017,Singapore Institute of Technology,University of Glasgow,Aerospace Systems,Yes,80,52.5,3280,3125,2625,3650
2017,Singapore Institute of Technology,University of Glasgow,Mechanical Design Engineering,Yes,96.6,87.9,3670,3200,3000,3700
2017,Singapore Institute of Technology,University of Glasgow,Mechatronics,Yes,94.6,86.5,3595,3400,3000,4000
2017,Singapore Institute of Technology,University of Glasgow,Computing Science,Yes,95.8,85.9,3724,3600,3300,4200
2017,Singapore Institute of Technology,University of Manchester,Nursing,Yes,98.2,96.5,3741,3650,3600,3900
2017,Singapore Institute of Technology,University of Liverpool,Criminology and Security,Yes,86.4,69.5,3825,3800,3050,4160
2017,Singapore Institute of Technology,Wheelock College,Early Childhood Education,No,96.4,92.9,2890,2900,2800,3000
2017,Singapore Institute of Technology,Singapore Institute of Technology,Accountancy,Yes,94.1,92.1,3113,3088,2975,3250
2017,Singapore Institute of Technology,Singapore Institute of Technology,Hospitality Business,Yes,94.7,84.2,2829,2800,2500,3100
2018,Nanyang Technological University,Business,Accountancy,No,94.6,92.2,3245,3000,3000,3200
2018,Nanyang Technological University,Business,Accountancy and Business,No,99.2,97.7,4456,4000,3600,4633
2018,Nanyang Technological University,Business,Business,No,92.6,84.3,3776,3500,3200,4000
2018,Nanyang Technological University,Business,Business and Computing,No,100,100,4572,4575,4200,4900
2018,Nanyang Technological University,Engineering,Aerospace Engineering,No,95.3,88.4,3873,3800,3365,4280
2018,Nanyang Technological University,Engineering,Bioengineering,No,77.5,66.2,3660,3500,3200,4000
2018,Nanyang Technological University,Engineering,Chemical & Biomolecular Engineering,No,91.6,86,3782,3600,3300,4200
2018,Nanyang Technological University,Engineering,Civil Engineering,No,96.5,96.5,3597,3500,3200,3816
2018,Nanyang Technological University,Engineering,Computer Engineering,No,95.8,95.8,3865,3775,3400,4200
2018,Nanyang Technological University,Engineering,Computer Science,No,94.4,93,4062,4000,3500,4500
2018,Nanyang Technological University,Engineering,Electrical & Electronic Engineering,No,92.7,91,3772,3600,3323,4000
2018,Nanyang Technological University,Engineering,Environmental Engineering,No,92.1,81.6,3485,3400,3000,3500
2018,Nanyang Technological University,Engineering,Information Engineering & Media,No,93.2,89,3800,3750,3500,4140
2018,Nanyang Technological University,Engineering,Maritime Studies,No,93.3,90,3409,3350,3000,3640
2018,Nanyang Technological University,Engineering,Materials Engineering,No,86.5,81.9,3650,3500,3200,4000
2018,Nanyang Technological University,Engineering,Mechanical Engineering,No,85.6,81.1,3653,3500,3200,4000
2018,Nanyang Technological University,Arts & Social Sciences,"Art, Design & Media",No,85.7,53.8,2986,3000,2600,3300
2018,Nanyang Technological University,Arts & Social Sciences,Chinese,No,86.4,76.3,3260,3500,3000,3518
2018,Nanyang Technological University,Arts & Social Sciences,Communication Studies,No,95,84.2,3166,3000,2750,3500
2018,Nanyang Technological University,Arts & Social Sciences,Economics,No,90.1,84,3755,3536,3200,3959
2018,Nanyang Technological University,Arts & Social Sciences,English,No,81.6,59.2,3124,3000,2600,3500
2018,Nanyang Technological University,Arts & Social Sciences,History,No,74.4,56.4,3719,3500,3260,4150
2018,Nanyang Technological University,Arts & Social Sciences,Linguistics & Multilingual Studies,No,79.2,45.8,3091,3200,2900,3500
2018,Nanyang Technological University,Arts & Social Sciences,Philosophy,No,80,76,3126,3000,2550,3500
2018,Nanyang Technological University,Arts & Social Sciences,Psychology,No,90.1,78,3355,3370,3000,3684
2018,Nanyang Technological University,Arts & Social Sciences,Public Policy and Global Affairs,No,80.6,71,3619,3350,3050,4018
2018,Nanyang Technological University,Arts & Social Sciences,Sociology,No,80.2,60.4,3374,3220,3000,3841
2018,Nanyang Technological University,Sciences,Biological Sciences,No,80.1,67,3319,3250,3035,3650
2018,Nanyang Technological University,Sciences,Biomedical Sciences & Chinese Medicine,No,90.9,81.8,2953,3000,2700,3100
2018,Nanyang Technological University,Sciences,Chemistry & Biological Chemistry,No,77.6,63.9,3427,3200,3000,3725
2018,Nanyang Technological University,Sciences,Environmental Earth Systems Science,No,76.2,57.1,3389,3440,3150,3900
2018,Nanyang Technological University,Sciences,Mathematical Sciences,No,87.1,75.9,3744,3650,3360,4000
2018,Nanyang Technological University,Sciences,Mathematics & Economics,No,96.3,83.3,3569,3600,3200,4000
2018,Nanyang Technological University,Sciences,Physics & Applied Physics,No,80.2,74.1,3576,3400,3025,3800
2018,Nanyang Technological University,National Institute of Education (NIE),Arts (With Education),No,100,99.2,3751,3800,3600,3806
2018,Nanyang Technological University,National Institute of Education (NIE),Science (With Education),No,100,100,3738,3800,3600,4000
2018,Nanyang Technological University,Sciences,Sport Science and Management,No,87,61.1,3382,3300,3000,3600
2018,National University of Singapore,Arts & Social Sciences,Arts,No,83.7,56.6,3322,3200,2800,3600
2018,National University of Singapore,Arts & Social Sciences,Arts ,Yes,87.5,60.8,3377,3300,3000,3600
2018,National University of Singapore,Arts & Social Sciences,Social Sciences,No,88.2,74.5,3526,3400,3200,3800
2018,National University of Singapore,Dentistry,Dental Surgery,No,100,100,4228,4050,4000,4450
2018,National University of Singapore,Engineering,Biomedical Engineering,No,79.4,69.8,3444,3389,3280,3650
2018,National University of Singapore,Engineering,Chemical Engineering,No,89.9,84.1,4050,4000,3500,4300
2018,National University of Singapore,Engineering,Civil Engineering,No,91.8,89.8,3627,3500,3300,3900
2018,National University of Singapore,Engineering,Electrical Engineering,No,91,83.4,3982,3700,3400,4546
2018,National University of Singapore,Engineering,Environmental Engineering,No,88.9,74.6,3518,3400,3000,3868
2018,National University of Singapore,Engineering,Industrial and Systems Engineering,No,91.5,87.8,4051,3895,3600,4500
2018,National University of Singapore,Engineering,Materials Science and Engineering,No,88.6,86.4,3794,3600,3500,4305
2018,National University of Singapore,Engineering,Mechanical Engineering,No,92.8,86.9,3877,3700,3300,4100
2018,National University of Singapore,Law,Law,No,97.3,92.6,5263,5500,4500,5840
2018,National University of Singapore,Sciences,Science,No,81.6,47.2,3289,3100,2900,3850
2018,National University of Singapore,Sciences,Science,Yes,87.3,72.8,3460,3400,3000,3725
2018,National University of Singapore,Sciences,Pharmacy,No,96.6,93.2,3723,3650,3500,3900
2018,National University of Singapore,Business,Business Administration,No,95.7,84.8,3732,3225,3000,3750
2018,National University of Singapore,Business,Business Administration,No,96.6,90.9,4424,3895,3300,4748
2018,National University of Singapore,Business,Accountancy,No,95.2,95.2,3522,3020,2700,3500
2018,National University of Singapore,Business,Accountancy,Yes,97.6,95.3,3683,3200,3000,4000
2018,National University of Singapore,Computing and Information Systems,Computer Science,No,96.9,91.8,4658,4320,3900,5000
2018,National University of Singapore,Computing and Information Systems,Information Systems,No,98.4,95.3,4472,4458,4000,5000
2018,National University of Singapore,Computing and Information Systems,Business Analytics,No,93.5,93.5,4499,4500,4000,5000
2018,National University of Singapore,Design & Environment,Industrial Design,No,87,69.6,3371,3250,3000,3800
2018,National University of Singapore,Design & Environment,Project and Facilities Management,No,89,84.6,3237,3060,3000,3300
2018,National University of Singapore,Design & Environment,Real Estate,No,91.7,85.1,3372,3300,3000,3600
2018,National University of Singapore,Medicine,Nursing,No,94.6,94.6,3469,3450,3300,3500
2018,National University of Singapore,Medicine,Nursing,Yes,98,98,3546,3550,3400,3750
2018,National University of Singapore,Arts & Social Sciences,Music,No,81,23.8,2100,1800,1500,2700
2018,National University of Singapore,Arts & Social Sciences,Arts,Yes,90.5,81.1,4381,3630,3275,4642
2018,National University of Singapore,Sciences,Science,Yes,89.5,78.9,5136,4800,3600,6435
2018,National University of Singapore,Multidisciplinary,Computer Engineering,No,88.6,84.3,4188,3975,3500,4900
2018,National University of Singapore,Multidisciplinary,Environmental Studies,No,84.2,55.3,3385,3414,3000,3600
2018,Singapore Institute of Technology,DigiPen Institute of Technology,Game Design,No,86.7,86.7,3324,3300,3196,3500
2018,Singapore Institute of Technology,DigiPen Institute of Technology,Digital Art and Animation,No,91.2,52.9,2861,2800,2600,3000
2018,Singapore Institute of Technology,DigiPen Institute of Technology,Computer Science and Game Design,No,94.7,89.5,3576,3600,3300,4000
2018,Singapore Institute of Technology,DigiPen Institute of Technology,Computer Science in Real-Time Interactive Simulation,No,96.8,96.8,4088,4016,3830,4200
2018,Singapore Institute of Technology,Newcastle University,Chemical Engineering,Yes,84.6,76.9,3451,3300,3000,3600
2018,Singapore Institute of Technology,Newcastle University,Electrical Power Engineering,Yes,94.5,81.8,3438,3343,3050,3500
2018,Singapore Institute of Technology,Newcastle University,Marine Engineering,Yes,97.1,94.3,3439,3250,3000,3600
2018,Singapore Institute of Technology,Newcastle University,Mechanical Design and Manufacturing Engineering,Yes,93.5,82.3,3484,3253,3100,3600
2018,Singapore Institute of Technology,Newcastle University,Naval Architecture,Yes,100,100,3479,3400,3300,3800
2018,Singapore Institute of Technology,Newcastle University,Offshore Engineering,Yes,92.3,84.6,3545,3510,3100,3850
2018,Singapore Institute of Technology,Newcastle University,Food and Human Nutrition,Yes,90.4,69.2,2895,2900,2625,3200
2018,Singapore Institute of Technology,Singapore Institute of Technology,Accountancy,Yes,96.3,91.5,3216,3075,3000,3250
2018,Singapore Institute of Technology,Singapore Institute of Technology,Information Security,Yes,100,100,4116,4045,4000,4400
2018,Singapore Institute of Technology,Singapore Institute of Technology,Software Engineering,Yes,95.7,95.7,3914,4000,3600,4300
2018,Singapore Institute of Technology,Singapore Institute of Technology,Sustainable Infrastructure Engineering (Land),Yes,98.3,96.6,3688,3550,3400,3800
2018,Singapore Institute of Technology,Singapore Institute of Technology,Hospitality Business,Yes,92.1,81.6,2991,2825,2600,3175
2018,Singapore Institute of Technology,University of Glasgow,Nursing,Yes,95.3,90.7,3536,3500,3350,3800
2018,Singapore Institute of Technology,Trinity College Dublin,Diagnostic Radiography,No,95.8,87.5,3571,3350,3300,3800
2018,Singapore Institute of Technology,Trinity College Dublin,Occupational Therapy,No,96.6,96.6,3431,3460,3300,3610
2018,Singapore Institute of Technology,Trinity College Dublin,Physiotherapy,No,100,100,3276,3300,3000,3600
2018,Singapore Institute of Technology,Technische Universität München,Chemical Engineering,No,83.7,75.5,3298,3200,3000,3550
2018,Singapore Institute of Technology,Technische Universität München,Electrical Engineering & Information Technology,No,83.3,69.4,3609,3500,3300,4000
2018,Singapore Institute of Technology,The Culinary Institute of America,Food Business Management,No,86.5,64.9,2929,2663,2415,3300
2018,Singapore Institute of Technology,The Glasgow School of Art,Communication Design,Yes,84.9,54.7,3055,2950,2550,3000
2018,Singapore Institute of Technology,The Glasgow School of Art,Interior Design,Yes,92.3,76.9,2796,2775,2500,3000
2018,Singapore Institute of Technology,University of Glasgow,Aeronautical Engineering,Yes,78,70.7,3454,3200,3000,3500
2018,Singapore Institute of Technology,University of Glasgow,Aerospace Systems,Yes,82.4,61.8,3451,3380,3025,3875
2018,Singapore Institute of Technology,University of Glasgow,Mechanical Design Engineering,Yes,94.3,90.6,3718,3500,3100,4000
2018,Singapore Institute of Technology,University of Glasgow,Mechatronics,Yes,93.7,87.3,3812,3600,3275,4298
2018,Singapore Institute of Technology,University of Glasgow,Computing Science,Yes,94.7,89.3,3996,4000,3500,4225
2018,Singapore Institute of Technology,University of Liverpool,Criminology and Security,Yes,91.9,74.2,3726,3729,3260,4100
2018,Singapore Institute of Technology,Wheelock College,Early Childhood Education,No,100,98.2,2911,2925,2800,3100
2018,Singapore Management University,Accountancy,Accountancy,No,96.4,92.3,3607,3000,3000,3650
2018,Singapore Management University,Accountancy,Accountancy,Yes,96.3,95.1,4439,3550,3013,4773
2018,Singapore Management University,Business,Business Management,No,91.6,86.5,4133,3700,3250,4500
2018,Singapore Management University,Business,Business Management,Yes,97.4,95.6,4544,4000,3500,4800
2018,Singapore Management University,Economics,Economics,No,91.1,85.6,4140,3700,3200,4600
2018,Singapore Management University,Economics,Economics,Yes,93.4,89.5,4721,4000,3500,5200
2018,Singapore Management University,Computing and Information Systems,Information Systems,No,93.6,89.5,4160,4000,3600,4600
2018,Singapore Management University,Computing and Information Systems,Information Systems,Yes,100,97.2,4659,4685,4200,5000
2018,Singapore Management University,Arts & Social Sciences,Social Sciences,No,85.6,74.4,3409,3210,3000,3710
2018,Singapore Management University,Arts & Social Sciences,Social Sciences,Yes,84.2,78.9,3880,3600,3200,4100
2018,Singapore Management University,Law,Law,No,92.7,90.8,4856,4500,4050,5600
2018,Singapore Management University,Law,Law,Yes,94.4,92.6,5256,5513,4500,6000
2018,Singapore University of Social Sciences,Business,Accountancy,No,98.7,97.5,2879,3000,2700,3000
2018,Singapore University of Social Sciences,Business,Finance,No,88,84,3393,3400,3200,3500
2018,Singapore University of Social Sciences,Business,Marketing,No,94,84,3023,3000,2650,3245
